-- phpMyAdmin SQL Dump
-- version 5.1.1
-- https://www.phpmyadmin.net/
--
-- Host: 127.0.0.1
-- Generation Time: Mar 29, 2022 at 06:23 AM
-- Server version: 10.4.22-MariaDB
-- PHP Version: 8.1.2

SET SQL_MODE = "NO_AUTO_VALUE_ON_ZERO";
START TRANSACTION;
SET time_zone = "+00:00";


/*!40101 SET @OLD_CHARACTER_SET_CLIENT=@@CHARACTER_SET_CLIENT */;
/*!40101 SET @OLD_CHARACTER_SET_RESULTS=@@CHARACTER_SET_RESULTS */;
/*!40101 SET @OLD_COLLATION_CONNECTION=@@COLLATION_CONNECTION */;
/*!40101 SET NAMES utf8mb4 */;

--
-- Database: `pokemart_db`
--
CREATE DATABASE IF NOT EXISTS `pokemart_db` DEFAULT CHARACTER SET utf8mb4 COLLATE utf8mb4_general_ci;
USE `pokemart_db`;

-- --------------------------------------------------------

--
-- Table structure for table `card_info`
--
-- Creation: Mar 07, 2022 at 03:48 AM
--

CREATE TABLE `card_info` (
  `CIID` int(11) NOT NULL,
  `CPID` int(11) NOT NULL,
  `card_holder_name` text COLLATE utf8_bin NOT NULL,
  `card_number` bigint(16) NOT NULL,
  `cvv` int(4) NOT NULL,
  `month` int(2) NOT NULL,
  `year` int(4) NOT NULL,
  `street_add_1` text COLLATE utf8_bin NOT NULL,
  `street_add_2` text COLLATE utf8_bin NOT NULL,
  `city` text COLLATE utf8_bin NOT NULL,
  `zip_code` int(5) NOT NULL,
  `save_card` tinyint(1) NOT NULL
) ENGINE=InnoDB DEFAULT CHARSET=utf8 COLLATE=utf8_bin;

-- --------------------------------------------------------

--
-- Table structure for table `cart_item`
--
-- Creation: Mar 07, 2022 at 10:06 PM
--

CREATE TABLE `cart_item` (
  `CIID` int(11) NOT NULL,
  `SCID` int(11) NOT NULL,
  `IID` int(11) NOT NULL,
  `quantity` int(11) NOT NULL
) ENGINE=InnoDB DEFAULT CHARSET=utf8mb4;

--
-- Dumping data for table `cart_item`
--

INSERT INTO `cart_item` (`CIID`, `SCID`, `IID`, `quantity`) VALUES
(3, 8, 1, 1),
(4, 8, 1, 3),
(5, 8, 8, 15);

-- --------------------------------------------------------

--
-- Table structure for table `customer_profile`
--
-- Creation: Mar 07, 2022 at 10:29 PM
--

CREATE TABLE `customer_profile` (
  `CPID` int(11) NOT NULL,
  `UPID` int(11) NOT NULL,
  `card_count` int(11) NOT NULL,
  `number_of_purchases` int(11) NOT NULL,
  `total_money_spent` double(10,2) NOT NULL,
  `last_purchase_date` datetime NOT NULL,
  `active_orders` int(11) NOT NULL
) ENGINE=InnoDB DEFAULT CHARSET=utf8mb4;

--
-- Dumping data for table `customer_profile`
--

INSERT INTO `customer_profile` (`CPID`, `UPID`, `card_count`, `number_of_purchases`, `total_money_spent`, `last_purchase_date`, `active_orders`) VALUES
(1, 43, 0, 0, 0.00, '2022-03-07 00:32:57', 0),
(2, 44, 0, 0, 0.00, '2022-03-07 00:35:35', 0),
(3, 45, 0, 0, 0.00, '2022-03-07 17:28:12', 0),
(4, 46, 0, 0, 0.00, '2022-03-07 17:30:59', 0),
(5, 47, 0, 0, 0.00, '2022-03-07 17:33:09', 0),
(6, 48, 0, 0, 0.00, '0000-00-00 00:00:00', 0),
(7, 49, 0, 0, 0.00, '0000-00-00 00:00:00', 0),
(8, 50, 0, 0, 0.00, '0000-00-00 00:00:00', 0),
(9, 51, 0, 0, 0.00, '0000-00-00 00:00:00', 0),
(10, 52, 0, 0, 0.00, '0000-00-00 00:00:00', 0);

-- --------------------------------------------------------

--
-- Table structure for table `employee_profile`
--
-- Creation: Mar 09, 2022 at 05:14 PM
-- Last update: Mar 29, 2022 at 02:55 AM
--

CREATE TABLE `employee_profile` (
  `EPID` int(11) NOT NULL,
  `UPID` int(11) NOT NULL,
  `position` varchar(50) NOT NULL,
  `full_time` tinyint(1) NOT NULL,
  `location` varchar(100) NOT NULL,
  `weekly_earnings` double(10,2) NOT NULL
) ENGINE=InnoDB DEFAULT CHARSET=utf8mb4;

--
-- Dumping data for table `employee_profile`
--

INSERT INTO `employee_profile` (`EPID`, `UPID`, `position`, `full_time`, `location`, `weekly_earnings`) VALUES
(1, 51, '', 0, '', 0.00);

-- --------------------------------------------------------

--
-- Table structure for table `employee_time_log`
--
-- Creation: Mar 07, 2022 at 10:57 PM
--

CREATE TABLE `employee_time_log` (
  `ETLID` int(11) NOT NULL,
  `EPID` int(11) NOT NULL,
  `login_time` datetime NOT NULL,
  `logout_time` datetime NOT NULL,
  `number_of_sales` int(11) NOT NULL,
  `total_revenue` double(10,2) NOT NULL
) ENGINE=InnoDB DEFAULT CHARSET=utf8mb4;

-- --------------------------------------------------------

--
-- Table structure for table `error`
--
-- Creation: Feb 25, 2022 at 12:08 AM
--

CREATE TABLE `error` (
  `EID` int(11) NOT NULL,
  `error_description` text NOT NULL,
  `times_encountered` int(11) NOT NULL
) ENGINE=InnoDB DEFAULT CHARSET=utf8mb4;

-- --------------------------------------------------------

--
-- Table structure for table `inventory`
--
-- Creation: Feb 25, 2022 at 12:08 AM
--

CREATE TABLE `inventory` (
  `IID` int(11) NOT NULL,
  `VID` int(11) NOT NULL,
  `item_name` varchar(255) NOT NULL,
  `japanese_item_name` varchar(255) NOT NULL,
  `item_description` text NOT NULL,
  `item_type` varchar(255) NOT NULL,
  `selling_price` double(10,2) NOT NULL,
  `cost` double(10,2) NOT NULL,
  `in_stock` int(11) NOT NULL,
  `reorder_amount` int(11) NOT NULL,
  `base_stock` int(11) NOT NULL
) ENGINE=InnoDB DEFAULT CHARSET=utf8mb4;

--
-- Dumping data for table `inventory`
--

INSERT INTO `inventory` (`IID`, `VID`, `item_name`, `japanese_item_name`, `item_description`, `item_type`, `selling_price`, `cost`, `in_stock`, `reorder_amount`, `base_stock`) VALUES
(1, 5, 'Assault Vest', 'とつげきチョッキ', '', 'Held', 100.00, 500.00, 25, 21, 100),
(2, 1, 'Ability Capsule', 'とくせいカプセル', '', 'Other', 100.00, 5000.00, 12, 36, 100),
(3, 4, 'Amulet Coin', 'おまもりこばん', '', 'Held', 100.00, 5000.00, 29, 59, 100),
(4, 2, 'Armor Fossil', 'たてのカセキ', '', 'Fossil', 7000.00, 3500.00, 93, 33, 100),
(5, 6, 'Air Mail', 'エアメール', '', 'Mail', 50.00, 25.00, 68, 72, 100),
(6, 4, 'Armorite Ore', 'ヨロイこうせき', '', 'Other', 100.00, 20.00, 93, 88, 100),
(7, 1, 'Absorb Bulb', 'きゅうこん', '', 'Held', 100.00, 2000.00, 71, 47, 100),
(8, 4, 'Air Balloon', 'ふうせん', '', 'Held', 100.00, 2000.00, 7, 29, 100),
(9, 1, 'Adrenaline Orb', 'ビビリだま', '', 'Battle, Held', 100.00, 150.00, 12, 55, 100),
(10, 3, 'Amaze Mulch', 'とんでもこやし', '', 'Other', 100.00, 100.00, 0, 37, 100),
(11, 4, 'Antidote', 'どくけし', '', 'Medicine', 200.00, 100.00, 73, 36, 100),
(12, 6, 'Awakening', 'ねむけざまし', '', 'Medicine', 200.00, 100.00, 47, 44, 100),
(13, 5, 'Adamant Mint', 'いじっぱりミント', '', 'Other', 100.00, 10.00, 61, 33, 100),
(14, 3, 'Aguav Berry', 'バンジのみ', '', 'Berry', 100.00, 10.00, 43, 87, 100),
(15, 2, 'Apicot Berry', 'ズアのみ', '', 'Berry', 100.00, 10.00, 60, 15, 100),
(16, 3, 'Aspear Berry', 'ナナシのみ', '', 'Berry', 100.00, 10.00, 93, 36, 100),
(17, 2, 'Ability Patch', 'とくせいパッチ', '', 'Other', 100.00, 50.00, 22, 38, 100),
(18, 2, 'Abomasite', 'ユキノオナイト', '', 'Mega Stone', 100.00, 50.00, 74, 60, 100),
(19, 6, 'Absolite', 'アブソルナイト', '', 'Mega Stone', 100.00, 50.00, 65, 82, 100),
(20, 2, 'Acro Bike', 'ダートじてんしゃ', '', 'Key', 100.00, 50.00, 62, 8, 100),
(21, 4, 'Adamant Orb', 'こんごうだま', '', 'Held', 10000.00, 50.00, 96, 22, 100),
(22, 5, 'Adventure Rules\nAdventure Guide', 'たんけんこころえ', '', 'Key', 100.00, 50.00, 63, 37, 100),
(23, 3, 'Aerodactylite', 'プテラナイト', '', 'Mega Stone', 100.00, 50.00, 3, 60, 100),
(24, 3, 'Aggronite', 'ボスゴドラナイト', '', 'Mega Stone', 100.00, 50.00, 29, 81, 100),
(25, 6, 'Alakazite', 'フーディナイト', '', 'Mega Stone', 100.00, 50.00, 63, 4, 100),
(26, 4, 'Aloraichium Z', 'アロライＺ', '', 'Z-Crystal', 100.00, 50.00, 63, 19, 100),
(27, 6, 'Altarianite', 'チルタリスナイト', '', 'Mega Stone', 100.00, 50.00, 88, 68, 100),
(28, 6, 'Ampharosite', 'デンリュウナイト', '', 'Mega Stone', 100.00, 50.00, 84, 46, 100),
(29, 4, 'Apricorn Box', 'ぼんぐりケース', '', 'Key', 100.00, 50.00, 58, 97, 100),
(30, 2, 'Aqua Suit', 'アクアスーツ', '', 'Key', 100.00, 50.00, 59, 20, 100),
(31, 6, 'Armor Pass', 'ヨロイパス', '', 'Key', 100.00, 50.00, 45, 95, 100),
(32, 2, 'Audinite', 'タブンネナイト', '', 'Mega Stone', 100.00, 50.00, 16, 42, 100),
(33, 6, 'AuroraTicket[1]', 'オーロラチケット', '', 'Key', 100.00, 50.00, 22, 30, 100),
(34, 4, 'Autograph', 'マチスのサイン', '', 'Key', 100.00, 50.00, 31, 52, 100),
(35, 2, 'Azure Flute[1]', 'てんかいのふえ', '', 'Key', 100.00, 50.00, 90, 15, 100),
(36, 2, 'Babiri Berry', 'リリバのみ', '', 'Berry', 100.00, 10.00, 2, 33, 100),
(37, 5, 'Bach\'s Food Tin', 'バックのかんづめ', '', 'Ingredient', 950.00, 475.00, 90, 88, 100),
(38, 1, 'Balm Mushroom', 'おるキノコ', '', 'Treasure', 100.00, 7500.00, 95, 57, 100),
(39, 5, 'Band Autograph[2]', 'バンドのサイン', '', 'Key', 100.00, 50.00, 41, 80, 100),
(40, 4, 'Banettite', 'ジュペッタナイト', '', 'Mega Stone', 100.00, 50.00, 97, 3, 100),
(41, 5, 'Basement Key', 'ちかのカギ', '', 'Key', 100.00, 50.00, 98, 70, 100),
(42, 1, 'Beach Glass', 'うみべのガラス', '', 'Treasure', 100.00, 400.00, 27, 58, 100),
(43, 1, 'Bead Mail', 'トレジャーメール', '', 'Mail', 50.00, 25.00, 33, 4, 100),
(44, 3, 'Beast Ball', 'ウルトラボール', '', 'Poké Ball', 100.00, 50.00, 30, 99, 100),
(45, 6, 'Beedrillite', 'スピアナイト', '', 'Mega Stone', 100.00, 50.00, 20, 75, 100),
(46, 4, 'Belue Berry', 'ベリブのみ', '', 'Berry', 100.00, 10.00, 8, 67, 100),
(47, 4, 'Berry', 'きのみ', '', 'Berry', 100.00, 10.00, 93, 95, 100),
(48, 4, 'Berry Juice', 'きのみジュース', '', 'Medicine', 100.00, 50.00, 15, 57, 100),
(49, 5, 'Berry Pots', 'きのみプランター', '', 'Key', 100.00, 50.00, 19, 28, 100),
(50, 1, 'Berry Pouch', 'きのみぶくろ', '', 'Key', 100.00, 50.00, 28, 28, 100),
(51, 6, 'Berry Sweet', 'ベリーアメざいく', '', 'Held', 100.00, 250.00, 18, 58, 100),
(52, 5, 'Berserk Gene', 'はかいのいでんし', '', 'Held', 100.00, 50.00, 73, 16, 100),
(53, 4, 'Bicycle', 'じてんしゃ', '', 'Key', 100.00, 50.00, 63, 4, 100),
(54, 1, 'Big Malasada', 'おおきいマラサダ', '', 'Medicine', 100.00, 175.00, 50, 85, 100),
(55, 5, 'Big Mushroom', 'おおきなキノコ', '', 'Treasure', 100.00, 2500.00, 85, 71, 100),
(56, 1, 'Big Nugget', 'でかいきんのたま', '', 'Treasure', 100.00, 20000.00, 11, 34, 100),
(57, 1, 'Big Pearl', 'おおきなしんじゅ', '', 'Treasure', 100.00, 4000.00, 98, 31, 100),
(58, 1, 'Big Root', 'おおきなねっこ', '', 'Held', 100.00, 2000.00, 46, 80, 100),
(59, 4, 'Bike Voucher', 'ひきかえけん', '', 'Key', 100.00, 50.00, 36, 3, 100),
(60, 3, 'Binding Band', 'しめつけバンド', '', 'Held', 100.00, 2000.00, 57, 55, 100),
(61, 1, 'Bitter Berry', 'にがいきのみ', '', 'Berry', 100.00, 10.00, 9, 36, 100),
(62, 4, 'Black Apricorn', 'くろぼんぐり', '', 'Other', 100.00, 50.00, 33, 95, 100),
(63, 3, 'Black Belt', 'くろおび', '', 'Held', 100.00, 500.00, 84, 69, 100),
(64, 2, 'Black Flute', 'くろいビードロ', '', 'Other', 100.00, 10.00, 54, 32, 100),
(65, 1, 'Black Glasses', 'くろいメガネ', '', 'Held', 100.00, 500.00, 0, 19, 100),
(66, 5, 'Black Mane Hair', 'くろいたてがみ', '', 'Key', 100.00, 50.00, 74, 98, 100),
(67, 3, 'Black Sludge', 'くろいヘドロ', '', 'Held', 100.00, 100.00, 78, 53, 100),
(68, 4, 'Blastoisinite', 'カメックスナイト', '', 'Mega Stone', 100.00, 50.00, 81, 0, 100),
(69, 6, 'Blazikenite', 'バシャーモナイト', '', 'Mega Stone', 100.00, 50.00, 2, 49, 100),
(70, 4, 'Bloom Mail', 'ブルームメール', '', 'Mail', 50.00, 25.00, 39, 22, 100),
(71, 1, 'Blue Apricorn', 'あおぼんぐり', '', 'Other', 100.00, 50.00, 76, 13, 100),
(72, 6, 'Blue Card', 'ブルーカード', '', 'Key', 100.00, 50.00, 8, 90, 100),
(73, 1, 'Blue Flute', 'あおいビードロ', '', 'Other', 100.00, 10.00, 75, 57, 100),
(74, 1, 'Blue Orb', 'あいいろのたま', '', 'Held', 10000.00, 50.00, 76, 56, 100),
(75, 6, 'Blue Petal', 'あおのはなびら', '', 'Key', 100.00, 50.00, 44, 39, 100),
(76, 4, 'Blue Scarf', 'あおいバンダナ', '', 'Held', 100.00, 50.00, 23, 33, 100),
(77, 6, 'Blue Shard', 'あおいかけら', '', 'Other', 100.00, 100.00, 4, 13, 100),
(78, 4, 'BlueSky Mail', 'あおぞらメール', '', 'Mail', 50.00, 25.00, 18, 61, 100),
(79, 4, 'Bluk Berry', 'ブリーのみ', '', 'Berry', 100.00, 10.00, 100, 73, 100),
(80, 6, 'Blunder Policy', 'からぶりほけん', '', 'Held', 100.00, 2000.00, 94, 68, 100),
(81, 6, 'Bob\'s Food Tin', 'ボブのかんづめ', '', 'Ingredient', 950.00, 475.00, 46, 20, 100),
(82, 6, 'Boiled Egg', 'ゆでタマゴ', '', 'Ingredient', 2200.00, 1100.00, 30, 57, 100),
(83, 5, 'Bold Mint', 'ずぶといミント', '', 'Other', 100.00, 10.00, 54, 10, 100),
(84, 3, 'Boost Mulch', 'ぐんぐんこやし', '', 'Other', 100.00, 100.00, 34, 50, 100),
(85, 2, 'Bottle Cap', 'ぎんのおうかん', '', 'Other', 100.00, 2500.00, 24, 38, 100),
(86, 3, 'Brave Mint', 'ゆうかんミント', '', 'Other', 100.00, 10.00, 30, 51, 100),
(87, 1, 'Bread', 'しょくパン', '', 'Ingredient', 150.00, 75.00, 69, 42, 100),
(88, 3, 'Brick Mail', 'ブリックメール', '', 'Mail', 50.00, 25.00, 12, 74, 100),
(89, 3, 'Brick Piece', 'かわらのかけら', '', 'Other', 100.00, 50.00, 87, 53, 100),
(90, 5, 'BridgeMail D', 'ブリッジメールＨ', '', 'Mail', 50.00, 25.00, 61, 18, 100),
(91, 6, 'BridgeMail M', 'ブリッジメールＷ', '', 'Mail', 50.00, 25.00, 77, 99, 100),
(92, 1, 'BridgeMail S', 'ブリッジメールＳ', '', 'Mail', 50.00, 25.00, 67, 73, 100),
(93, 3, 'BridgeMail T', 'ブリッジメールＣ', '', 'Mail', 50.00, 25.00, 13, 2, 100),
(94, 1, 'BridgeMail V', 'ブリッジメールＶ', '', 'Mail', 50.00, 25.00, 99, 24, 100),
(95, 1, 'Bright Powder', 'ひかりのこな', '', 'Held', 100.00, 50.00, 46, 86, 100),
(96, 4, 'Brittle Bones', 'かぼそいホネ', '', 'Ingredient', 950.00, 475.00, 27, 45, 100),
(97, 1, 'Bubble Mail', 'ブルーメール', '', 'Mail', 50.00, 25.00, 23, 87, 100),
(98, 2, 'Bug Gem', 'むしのジュエル', '', 'Held', 100.00, 100.00, 51, 87, 100),
(99, 3, 'Bug Memory', 'バグメモリ', '', 'Held', 100.00, 500.00, 68, 21, 100),
(100, 4, 'Buginium Z', 'ムシZ', '', 'Z-Crystal', 100.00, 50.00, 8, 52, 100),
(101, 6, 'Burn Drive', 'ブレイズカセット', '', 'Held', 100.00, 50.00, 55, 19, 100),
(102, 1, 'Burn Heal', 'やけどなおし', '', 'Medicine', 200.00, 100.00, 65, 92, 100),
(103, 1, 'Burnt Berry', 'やけたきのみ', '', 'Berry', 100.00, 10.00, 42, 95, 100),
(104, 1, 'Calcium', 'リゾチウム', '', 'Vitamin', 10000.00, 5000.00, 41, 60, 100),
(105, 4, 'Calm Mint', 'おだやかミント', '', 'Other', 100.00, 10.00, 94, 56, 100),
(106, 4, 'Cameruptite', 'バクーダナイト', '', 'Mega Stone', 100.00, 50.00, 50, 78, 100),
(107, 2, 'Camping Gear', 'キャンプセット', '', 'Key', 100.00, 50.00, 9, 39, 100),
(108, 2, 'Carbos', 'インドメタシン', '', 'Vitamin', 10000.00, 5000.00, 75, 54, 100),
(109, 4, 'Card Key', 'カードキー', '', 'Key', 100.00, 50.00, 77, 100, 100),
(110, 3, 'Careful Mint', 'しんちょうミント', '', 'Other', 100.00, 10.00, 82, 21, 100),
(111, 3, 'Carrot Seeds', 'にんじんのダネ', '', 'Key', 100.00, 50.00, 79, 46, 100),
(112, 5, 'Casteliacone', 'ヒウンアイス', '', 'Medicine', 100.00, 175.00, 75, 82, 100),
(113, 4, 'Catching Charm', 'ゆれないおまもり', '', 'Key', 100.00, 50.00, 6, 29, 100),
(114, 3, 'Cell Battery', 'じゅうでんち', '', 'Held', 100.00, 2000.00, 53, 72, 100),
(115, 1, 'Chalky Stone', 'チョークいし', '', 'Treasure', 100.00, 30.00, 74, 31, 100),
(116, 4, 'Charcoal', 'もくたん', '', 'Held', 100.00, 500.00, 84, 74, 100),
(117, 3, 'Charizardite X', 'リザードナイトX', '', 'Mega Stone', 100.00, 50.00, 51, 85, 100),
(118, 4, 'Charizardite Y', 'リザードナイトY', '', 'Mega Stone', 100.00, 50.00, 96, 87, 100),
(119, 5, 'Charti Berry', 'ヨロギのみ', '', 'Berry', 100.00, 10.00, 89, 50, 100),
(120, 4, 'Cheri Berry', 'クラボのみ', '', 'Berry', 100.00, 10.00, 33, 96, 100),
(121, 5, 'Cherish Ball[3]', 'プレジャスボール', '', 'Poké Ball', 100.00, 50.00, 50, 32, 100),
(122, 6, 'Chesto Berry', 'カゴのみ', '', 'Berry', 100.00, 10.00, 36, 94, 100),
(123, 2, 'Chilan Berry', 'ホズのみ', '', 'Berry', 100.00, 10.00, 72, 13, 100),
(124, 6, 'Chill Drive', 'フリーズカセット', '', 'Held', 100.00, 50.00, 92, 78, 100),
(125, 6, 'Chipped Pot', 'かけたポット', '', 'Evolutionary', 100.00, 10.00, 26, 49, 100),
(126, 4, 'Choice Band', 'こだわりハチマキ', '', 'Held', 100.00, 2000.00, 8, 80, 100),
(127, 6, 'Choice Scarf', 'こだわりスカーフ', '', 'Held', 100.00, 2000.00, 13, 10, 100),
(128, 2, 'Choice Specs', 'こだわりメガネ', '', 'Held', 100.00, 2000.00, 67, 4, 100),
(129, 1, 'Chople Berry', 'ヨプのみ', '', 'Berry', 100.00, 10.00, 75, 67, 100),
(130, 4, 'Claw Fossil', 'ツメのカセキ', '', 'Fossil', 7000.00, 3500.00, 82, 17, 100),
(131, 1, 'Cleanse Tag', 'きよめのおふだ', '', 'Held', 100.00, 2500.00, 28, 66, 100),
(132, 4, 'Clear Bell', 'とうめいなスズ', '', 'Key', 100.00, 50.00, 97, 99, 100),
(133, 5, 'Clever Feather', 'せいしんのハネ', '', 'Other', 100.00, 150.00, 42, 9, 100),
(134, 6, 'Clover Sweet', 'よつばアメざいく', '', 'Held', 100.00, 250.00, 75, 2, 100),
(135, 4, 'Coba Berry', 'バコウのみ', '', 'Berry', 100.00, 10.00, 29, 27, 100),
(136, 6, 'Coconut Milk', 'ヤシのミルク', '', 'Ingredient', 950.00, 475.00, 98, 7, 100),
(137, 5, 'Coin Case', 'コインケース', '', 'Key', 100.00, 50.00, 5, 3, 100),
(138, 5, 'Colbur Berry', 'ナモのみ', '', 'Berry', 100.00, 10.00, 4, 65, 100),
(139, 6, 'Colress Machine', 'アクロママシーン', '', 'Key', 100.00, 50.00, 20, 88, 100),
(140, 6, 'Comet Shard', 'すいせいのかけら', '', 'Treasure', 100.00, 12500.00, 6, 84, 100),
(141, 1, 'Common Stone[2]', 'ありふれたいし', '', 'Key', 100.00, 50.00, 60, 32, 100),
(142, 4, 'Contest Costume', 'ライブスーツ\nライブドレス', '', 'Key', 100.00, 50.00, 90, 85, 100),
(143, 5, 'Contest Pass', 'コンテストパス', '', 'Key', 100.00, 50.00, 66, 85, 100),
(144, 2, 'Cornn Berry', 'モコシのみ', '', 'Berry', 100.00, 10.00, 26, 92, 100),
(145, 1, 'Coupon 1', 'ひきかえけん1', '', 'Key', 100.00, 50.00, 25, 55, 100),
(146, 1, 'Coupon 2', 'ひきかえけん2', '', 'Key', 100.00, 50.00, 96, 96, 100),
(147, 4, 'Coupon 3', 'ひきかえけん3', '', 'Key', 100.00, 50.00, 78, 43, 100),
(148, 4, 'Cover Fossil', 'ふたのカセキ', '', 'Fossil', 100.00, 3500.00, 16, 7, 100),
(149, 6, 'Cracked Pot', 'われたポット', '', 'Evolutionary', 100.00, 800.00, 30, 98, 100),
(150, 6, 'Crown Pass', 'カンムリパス', '', 'Key', 100.00, 50.00, 8, 34, 100),
(151, 1, 'Custap Berry', 'イバンのみ', '', 'Berry', 100.00, 10.00, 4, 5, 100),
(152, 3, 'Damp Mulch', 'じめじめこやし', '', 'Other', 200.00, 100.00, 37, 40, 100),
(153, 1, 'Damp Rock', 'しめったいわ', '', 'Held', 100.00, 2000.00, 89, 61, 100),
(154, 6, 'Dark Gem', 'あくのジュエル', '', 'Held', 100.00, 100.00, 16, 69, 100),
(155, 2, 'Dark Memory', 'ダークメモリ', '', 'Held', 100.00, 500.00, 49, 94, 100),
(156, 3, 'Dark Stone', 'ダークストーン', '', 'Key', 100.00, 50.00, 0, 76, 100),
(157, 2, 'Darkinium Z', 'あくZ', '', 'Z-Crystal', 100.00, 50.00, 66, 62, 100),
(158, 1, 'Data Card', 'データカード', '', 'Other', 100.00, 50.00, 10, 11, 100),
(159, 3, 'Dawn Stone', 'めざめいし', '', 'Evolutionary', 100.00, 1500.00, 2, 50, 100),
(160, 3, 'Decidium Z', 'ジュナイパーZ', '', 'Z-Crystal', 100.00, 50.00, 99, 41, 100),
(161, 2, 'Deep Sea Scale', 'しんかいのウロコ', '', 'Held', 100.00, 1000.00, 78, 36, 100),
(162, 4, 'Deep Sea Tooth', 'しんかいのキバ', '', 'Held', 100.00, 1000.00, 23, 19, 100),
(163, 5, 'Destiny Knot', 'あかいいと', '', 'Held', 100.00, 2000.00, 30, 18, 100),
(164, 3, 'Devon Parts', 'デボンのにもつ', '', 'Key', 100.00, 50.00, 33, 18, 100),
(165, 2, 'Devon Scope', 'デボンスコープ', '', 'Key', 100.00, 50.00, 77, 72, 100),
(166, 4, 'Devon Scuba Gear', 'デボンボンベ', '', 'Key', 100.00, 50.00, 6, 91, 100),
(167, 6, 'Diancite', 'ディアンシナイト', '', 'Mega Stone', 100.00, 50.00, 79, 73, 100),
(168, 2, 'Dire Hit', 'クリティカット', '', 'Battle', 1000.00, 500.00, 77, 56, 100),
(169, 1, 'Discount Coupon[1]', 'バーゲンチケット', '', 'Other', 100.00, 10.00, 27, 79, 100),
(170, 3, 'Dive Ball', 'ダイブボール', '', 'Poké Ball', 1000.00, 500.00, 62, 50, 100),
(171, 1, 'DNA Splicers', 'いでんしのくさび', '', 'Key', 100.00, 50.00, 38, 15, 100),
(172, 3, 'Dome Fossil', 'こうらのカセキ', '', 'Fossil', 100.00, 3500.00, 44, 3, 100),
(173, 4, 'Douse Drive', 'アクアカセット', '', 'Held', 100.00, 50.00, 17, 53, 100),
(174, 5, 'Dowsing Machine', 'ダウジングマシン', '', 'Key', 100.00, 50.00, 72, 91, 100),
(175, 6, 'Draco Plate', 'りゅうのプレート', '', 'Held', 100.00, 500.00, 70, 88, 100),
(176, 2, 'Dragon Fang', 'りゅうのキバ', '', 'Held', 100.00, 500.00, 71, 51, 100),
(177, 5, 'Dragon Gem', 'ドラゴンジュエル', '', 'Held', 100.00, 100.00, 27, 60, 100),
(178, 1, 'Dragon Memory', 'ドラゴンメモリ', '', 'Held', 100.00, 500.00, 64, 49, 100),
(179, 3, 'Dragon Scale', 'りゅうのウロコ', '', 'Evolutionary', 100.00, 1000.00, 44, 8, 100),
(180, 3, 'Dragon Skull', 'ドラゴンのホネ', '', 'Key', 100.00, 50.00, 18, 70, 100),
(181, 6, 'Dragonium Z', 'ドラゴンZ', '', 'Z-Crystal', 100.00, 50.00, 22, 72, 100),
(182, 3, 'Dread Plate', 'こわもてプレート', '', 'Held', 100.00, 500.00, 35, 62, 100),
(183, 3, 'Dream Ball', 'ドリームボール', '', 'Poké Ball', 100.00, 50.00, 1, 1, 100),
(184, 5, 'Dream Mail', 'ドリームメール', '', 'Mail', 50.00, 25.00, 48, 38, 100),
(185, 5, 'Dropped Item', 'わすれもの', '', 'Key', 100.00, 50.00, 44, 86, 100),
(186, 1, 'Dubious Disc', 'あやしいパッチ', '', 'Held', 100.00, 1000.00, 53, 70, 100),
(187, 2, 'Durin Berry', 'ドリのみ', '', 'Berry', 100.00, 10.00, 98, 64, 100),
(188, 3, 'Dusk Ball', 'ダークボール', '', 'Poké Ball', 1000.00, 500.00, 14, 12, 100),
(189, 6, 'Dusk Stone', 'やみのいし', '', 'Evolutionary', 100.00, 1500.00, 23, 80, 100),
(190, 3, 'Dynamax Band', 'ダイマックスB', '', 'Key', 100.00, 50.00, 9, 0, 100),
(191, 1, 'Dynamax Candy', 'ダイマックスアメ', '', 'Other', 100.00, 50.00, 68, 48, 100),
(192, 4, 'Dynamax Crystals[1]', 'ダイクリスタル', '', 'Other', 100.00, 10.00, 1, 49, 100),
(193, 3, 'Dynite Ore', 'マックスこうせき', '', 'Other', 100.00, 10.00, 12, 49, 100),
(194, 3, 'Earth Plate', 'だいちのプレート', '', 'Held', 100.00, 500.00, 92, 47, 100),
(195, 4, 'Eevium Z', 'イーブイZ', '', 'Z-Crystal', 100.00, 50.00, 30, 94, 100),
(196, 1, 'Egg Ticket', 'タマゴけん', '', 'Key', 100.00, 50.00, 52, 44, 100),
(197, 4, 'Eject Button', 'だっしゅつボタン', '', 'Held', 100.00, 2000.00, 80, 61, 100),
(198, 4, 'Eject Pack', 'だっしゅつパック', '', 'Held', 100.00, 2000.00, 94, 20, 100),
(199, 1, 'Electirizer', 'エレキブースター', '', 'Evolutionary', 100.00, 1000.00, 86, 64, 100),
(200, 5, 'Electric Gem', 'でんきのジュエル', '', 'Held', 100.00, 100.00, 73, 35, 100),
(201, 1, 'Electric Memory', 'エレクトロメモリ', '', 'Held', 100.00, 500.00, 53, 95, 100),
(202, 5, 'Electric Seed', 'エレキシード', '', 'Held', 100.00, 2000.00, 11, 99, 100),
(203, 1, 'Electrium Z', 'デンキＺ', '', 'Z-Crystal', 100.00, 50.00, 76, 95, 100),
(204, 4, 'Elevator Key', 'エレベーターのキー', '', 'Key', 100.00, 50.00, 60, 53, 100),
(205, 4, 'Elixir', 'ピーピーエイダー', '', 'Medicine', 100.00, 1500.00, 56, 43, 100),
(206, 1, 'Endorsement', 'すいせんじょう', '', 'Key', 100.00, 50.00, 0, 62, 100),
(207, 2, 'Energy Root', 'ちからのねっこ', '', 'Medicine', 1200.00, 600.00, 42, 59, 100),
(208, 4, 'Energy Powder', 'ちからのこな', '', 'Medicine', 500.00, 250.00, 47, 84, 100),
(209, 1, 'Enigma Berry', 'ナゾのみ', '', 'Berry', 100.00, 10.00, 1, 56, 100),
(210, 5, 'Enigma Stone[1]', 'なぞのすいしょう', '', 'Key', 100.00, 50.00, 40, 32, 100),
(211, 4, 'Enigmatic Card', 'あやしいカード', '', 'Key', 100.00, 50.00, 98, 62, 100),
(212, 3, 'Eon Flute', 'むげんのふえ', '', 'Key', 100.00, 50.00, 90, 38, 100),
(213, 4, 'Eon Mail', 'ブイブイメール', '', 'Mail', 50.00, 25.00, 63, 15, 100),
(214, 3, 'Eon Ticket[1]', 'むげんのチケット', '', 'Key', 100.00, 50.00, 18, 52, 100),
(215, 4, 'Escape Rope', 'あなぬけのヒモ', '', 'Key[4]', 100.00, 50.00, 87, 53, 100),
(216, 3, 'Ether', 'ピーピーエイド', '', 'Medicine', 100.00, 600.00, 14, 15, 100),
(217, 3, 'Everstone', 'かわらずのいし', '', 'Held', 100.00, 1500.00, 99, 18, 100),
(218, 5, 'Eviolite', 'しんかのきせき', '', 'Held', 100.00, 2000.00, 10, 59, 100),
(219, 5, 'Exp. Candy L', 'けいけんアメL', '', 'Other', 100.00, 1500.00, 70, 80, 100),
(220, 2, 'Exp. Candy M', 'けいけんアメM', '', 'Other', 100.00, 500.00, 28, 68, 100),
(221, 6, 'Exp. Candy S', 'けいけんアメS', '', 'Other', 100.00, 120.00, 12, 78, 100),
(222, 4, 'Exp. Candy XL', 'けいけんアメXL', '', 'Other', 100.00, 5000.00, 97, 57, 100),
(223, 4, 'Exp. Candy XS', 'けいけんアメXS', '', 'Other', 100.00, 10.00, 23, 82, 100),
(224, 3, 'Exp. Charm', 'けいけんおまもり', '', 'Key', 100.00, 50.00, 64, 4, 100),
(225, 6, 'Exp. Share', 'がくしゅうそうち', '', 'Key', 100.00, 50.00, 52, 38, 100),
(226, 5, 'Expert Belt', 'たつじんのおび', '', 'Held', 100.00, 2000.00, 3, 40, 100),
(227, 6, 'Explorer Kit', 'たんけんセット', '', 'Key', 100.00, 50.00, 4, 53, 100),
(228, 4, 'Fab Mail', 'ミラクルメール', '', 'Mail', 50.00, 25.00, 84, 34, 100),
(229, 4, 'Fairium Z', 'フェアリーZ', '', 'Z-Crystal', 100.00, 50.00, 44, 2, 100),
(230, 4, 'Fairy Gem[2]', 'フェアリージュエル', '', 'Held', 100.00, 100.00, 94, 53, 100),
(231, 5, 'Fairy Memory', 'フェアリーメモリ', '', 'Held', 100.00, 500.00, 89, 96, 100),
(232, 2, 'Fame Checker', 'ボイスチェッカー', '', 'Key', 100.00, 50.00, 17, 76, 100),
(233, 5, 'Fancy Apple', 'とくせんリンゴ', '', 'Ingredient', 2200.00, 1100.00, 90, 16, 100),
(234, 2, 'Fashion Case', 'アクセサリーいれ', '', 'Key', 100.00, 50.00, 29, 27, 100),
(235, 5, 'Fast Ball', 'スピードボール', '', 'Poké Ball', 100.00, 50.00, 48, 85, 100),
(236, 1, 'Favored Mail', 'だいすきメール', '', 'Mail', 50.00, 25.00, 37, 82, 100),
(237, 1, 'Festival Ticket', 'フェスチケット', '', 'Other', 100.00, 5.00, 11, 15, 100),
(238, 3, 'Fighting Gem', 'かくとうジュエル', '', 'Held', 100.00, 100.00, 29, 61, 100),
(239, 5, 'Fighting Memory', 'ファイトメモリ', '', 'Held', 100.00, 500.00, 71, 57, 100),
(240, 4, 'Fightinium Z', 'カクトウZ', '', 'Z-Crystal', 100.00, 50.00, 63, 77, 100),
(241, 5, 'Figy Berry', 'フィラのみ', '', 'Berry', 100.00, 10.00, 85, 85, 100),
(242, 6, 'Fire Gem', 'ほのおのジュエル', '', 'Held', 100.00, 100.00, 13, 86, 100),
(243, 1, 'Fire Memory', 'ファイヤーメモリ', '', 'Held', 100.00, 500.00, 68, 18, 100),
(244, 3, 'Fire Stone', 'ほのおのいし', '', 'Evolutionary', 100.00, 1500.00, 73, 92, 100),
(245, 3, 'Firium Z', 'ホノオZ', '', 'Z-Crystal', 100.00, 50.00, 13, 84, 100),
(246, 5, 'Fishing Rod', 'つりざお', '', 'Key', 100.00, 50.00, 56, 83, 100),
(247, 4, 'Fist Plate', 'こぶしのプレート', '', 'Held', 100.00, 500.00, 39, 63, 100),
(248, 2, 'Flame Mail', 'フレイムメール', '', 'Mail', 50.00, 25.00, 55, 51, 100),
(249, 6, 'Flame Orb', 'かえんだま', '', 'Held', 100.00, 2000.00, 97, 65, 100),
(250, 6, 'Flame Plate', 'ひのたまプレート', '', 'Held', 100.00, 500.00, 4, 75, 100),
(251, 4, 'Float Stone', 'かるいし', '', 'Held', 100.00, 2000.00, 67, 57, 100),
(252, 6, 'Flower Mail', 'はながらメール', '', 'Mail', 50.00, 25.00, 12, 70, 100),
(253, 2, 'Flower Sweet', 'おはなアメざいく', '', 'Held', 100.00, 250.00, 21, 52, 100),
(254, 3, 'Fluffy Tail', 'エネコのシッポ', '', 'Other', 100.00, 50.00, 59, 46, 100),
(255, 3, 'Flying Gem', 'ひこうのジュエル', '', 'Held', 100.00, 100.00, 26, 73, 100),
(256, 6, 'Flying Memory', 'フライングメモリ', '', 'Held', 100.00, 500.00, 41, 17, 100),
(257, 3, 'Flyinium Z', 'ヒコウZ', '', 'Z-Crystal', 100.00, 50.00, 7, 35, 100),
(258, 6, 'Focus Band', 'きあいのハチマキ', '', 'Held', 100.00, 2000.00, 53, 42, 100),
(259, 5, 'Focus Sash', 'きあいのタスキ', '', 'Held', 100.00, 2000.00, 42, 14, 100),
(260, 5, 'Forage Bag', 'ざいりょうぶくろ', '', 'Held', 100.00, 50.00, 48, 89, 100),
(261, 5, 'Fossilized Bird', 'カセキのトリ', '', 'Fossil', 100.00, 2500.00, 2, 70, 100),
(262, 3, 'Fossilized Dino', 'カセキのクビナガ', '', 'Fossil', 100.00, 2500.00, 99, 45, 100),
(263, 5, 'Fossilized Drake', 'カセキのリュウ', '', 'Fossil', 100.00, 2500.00, 60, 46, 100),
(264, 5, 'Fossilized Fish', 'カセキのサカナ', '', 'Fossil', 100.00, 2500.00, 55, 98, 100),
(265, 1, 'Fresh Cream', 'しんせんクリーム', '', 'Ingredient', 950.00, 475.00, 48, 67, 100),
(266, 3, 'Fresh Water', 'おいしいみず', '', 'Medicine', 200.00, 100.00, 86, 80, 100),
(267, 5, 'Fried Food', 'フライもりあわせ', '', 'Ingredient', 150.00, 75.00, 85, 33, 100),
(268, 4, 'Friend Ball', 'フレンドボール', '', 'Poké Ball', 100.00, 50.00, 14, 0, 100),
(269, 2, 'Fruit Bunch', 'フサパック', '', 'Ingredient', 2200.00, 1100.00, 54, 45, 100),
(270, 1, 'Full Heal', 'なんでもなおし', '', 'Medicine', 400.00, 200.00, 50, 18, 100),
(271, 3, 'Full Incense', 'まんぷくおこう', '', 'Held', 5000.00, 2500.00, 0, 32, 100),
(272, 5, 'Full Restore', 'かいふくのくすり', '', 'Medicine', 3500.00, 1500.00, 99, 48, 100),
(273, 3, 'Galactic Key', 'ギンガだんのカギ', '', 'Key', 100.00, 50.00, 72, 55, 100),
(274, 6, 'Galarica Cuff', 'ガラナツブレス', '', 'Evolutionary', 100.00, 1500.00, 65, 74, 100),
(275, 3, 'Galarica Twig', 'ガラナツのえだ', '', 'Other', 100.00, 20.00, 100, 35, 100),
(276, 2, 'Galarica Wreath', 'ガラナツリース', '', 'Evolutionary', 100.00, 1500.00, 87, 54, 100),
(277, 6, 'Galladite', 'エルレイドナイト', '', 'Mega Stone', 100.00, 3000.00, 96, 92, 100),
(278, 2, 'Ganlon Berry', 'リュガのみ', '', 'Berry', 100.00, 10.00, 65, 94, 100),
(279, 6, 'Gardevoirite', 'サーナイトナイト', '', 'Mega Stone', 100.00, 50.00, 36, 18, 100),
(280, 1, 'Garchompite', 'ガブリアスナイト', '', 'Mega Stone', 100.00, 50.00, 97, 17, 100),
(281, 6, 'GB Sounds', 'GBプレイヤー', '', 'Key', 100.00, 50.00, 53, 6, 100),
(282, 3, 'Gengarite', 'ゲンガナイト', '', 'Mega Stone', 100.00, 50.00, 4, 14, 100),
(283, 3, 'Genius Feather', 'ちりょくのハネ', '', 'Other', 100.00, 150.00, 90, 19, 100),
(284, 3, 'Gentle Mint', 'おとなしいミント', '', 'Other', 100.00, 10.00, 73, 51, 100),
(285, 5, 'Ghost Gem', 'ゴーストジュエル', '', 'Held', 100.00, 100.00, 93, 57, 100),
(286, 4, 'Ghost Memory', 'ゴーストメモリ', '', 'Held', 100.00, 500.00, 2, 9, 100),
(287, 5, 'Ghostium Z', 'ゴーストZ', '', 'Z-Crystal', 100.00, 50.00, 98, 77, 100),
(288, 2, 'Gigantamix', 'キョダイパウダー', '', 'Ingredient', 100.00, 7500.00, 100, 7, 100),
(289, 4, 'Glalitite', 'オニゴーリナイト', '', 'Mega Stone', 100.00, 50.00, 23, 95, 100),
(290, 4, 'Glitter Mail', 'キラキラメール', '', 'Mail', 50.00, 25.00, 23, 37, 100),
(291, 2, 'Go-Goggles', 'ゴーゴーゴーグル', '', 'Key', 100.00, 50.00, 52, 20, 100),
(292, 6, 'God Stone[2]', 'ゴッドストーン', '', 'Key', 100.00, 50.00, 58, 65, 100),
(293, 3, 'Gold Berry', 'おうごんのみ', '', 'Berry', 100.00, 10.00, 56, 44, 100),
(294, 2, 'Gold Bottle Cap', 'きんのおうかん', '', 'Other', 100.00, 5000.00, 39, 25, 100),
(295, 5, 'Gold Leaf', 'きんのはっぱ', '', 'Treasure', 100.00, 500.00, 21, 78, 100),
(296, 6, 'Gold Teeth', 'きんのいれば', '', 'Key', 100.00, 50.00, 40, 2, 100),
(297, 3, 'Golden Nanab Berry', 'きんのナナのみ', '', 'Berry', 100.00, 2500.00, 92, 22, 100),
(298, 2, 'Golden Pinap Berry', 'きんのパイルのみ', '', 'Berry', 100.00, 2500.00, 29, 13, 100),
(299, 1, 'Golden Razz Berry', 'きんのズリのみ', '', 'Berry', 100.00, 2500.00, 11, 54, 100),
(300, 5, 'Good Rod', 'いいつりざお', '', 'Key', 100.00, 50.00, 13, 56, 100),
(301, 4, 'Gooey Mulch', 'ねばねばこやし', '', 'Other', 100.00, 100.00, 60, 56, 100),
(302, 4, 'Gorgeous Box', 'きりのはこ', '', 'Other', 100.00, 50.00, 46, 15, 100),
(303, 1, 'Gracidea', 'グラシデアのはな', '', 'Key', 100.00, 50.00, 25, 88, 100),
(304, 3, 'Grass Gem', 'くさのジュエル', '', 'Held', 100.00, 100.00, 91, 99, 100),
(305, 6, 'Grass Memory', 'グラスメモリ', '', 'Held', 100.00, 500.00, 63, 51, 100),
(306, 4, 'Grass Mail', 'グラスメール', '', 'Mail', 50.00, 25.00, 45, 62, 100),
(307, 6, 'Grassium Z', 'クサZ', '', 'Z-Crystal', 100.00, 50.00, 22, 80, 100),
(308, 6, 'Grassy Seed', 'グラスシード', '', 'Held', 100.00, 2000.00, 80, 31, 100),
(309, 4, 'Great Ball', 'スーパーボール', '', 'Poké Ball', 600.00, 300.00, 45, 75, 100),
(310, 4, 'Green Apricorn', 'みどぼんぐり', '', 'Other', 100.00, 50.00, 78, 52, 100),
(311, 1, 'Green Petal', 'みどりのはなびら', '', 'Key', 100.00, 50.00, 57, 71, 100),
(312, 5, 'Green Scarf', 'みどりのバンダナ', '', 'Held', 100.00, 50.00, 47, 81, 100),
(313, 3, 'Green Shard', 'みどりのかけら', '', 'Other', 100.00, 100.00, 10, 30, 100),
(314, 1, 'Greet Mail', 'はじめてメール', '', 'Mail', 50.00, 25.00, 29, 62, 100),
(315, 1, 'Grepa Berry', 'ウブのみ', '', 'Berry', 100.00, 10.00, 28, 5, 100),
(316, 3, 'Grip Claw', 'ねばりのかぎづめ', '', 'Held', 100.00, 2000.00, 44, 95, 100),
(317, 3, 'Griseous Orb', 'はっきんだま', '', 'Held', 10000.00, 50.00, 10, 56, 100),
(318, 6, 'Ground Gem', 'じめんのジュエル', '', 'Held', 100.00, 100.00, 59, 10, 100),
(319, 4, 'Ground Memory', 'グラウンドメモリ', '', 'Held', 100.00, 500.00, 48, 55, 100),
(320, 2, 'Groundium Z', 'ジメンZ', '', 'Z-Crystal', 100.00, 50.00, 50, 46, 100),
(321, 3, 'Growth Mulch', 'すくすくこやし', '', 'Other', 100.00, 100.00, 80, 43, 100),
(322, 1, 'Grubby Hanky', 'よごれたハンカチ', '', 'Key', 100.00, 50.00, 29, 89, 100),
(323, 4, 'GS Ball[1]', 'ジーエスボール', '', 'Key', 100.00, 50.00, 4, 56, 100),
(324, 3, 'Guard Spec.', 'エフェクトガード', '', 'Battle', 1500.00, 750.00, 50, 19, 100),
(325, 3, 'Gyaradosite', 'ギャラドスナイト', '', 'Mega Stone', 100.00, 50.00, 14, 16, 100),
(326, 6, 'Haban Berry', 'ハバンのみ', '', 'Berry', 100.00, 10.00, 34, 27, 100),
(327, 1, 'Harbor Mail', 'ハーバーメール', '', 'Mail', 50.00, 25.00, 90, 35, 100),
(328, 3, 'Hard Stone', 'かたいいし', '', 'Held', 100.00, 500.00, 61, 100, 100),
(329, 2, 'Hasty Mint', 'せっかちミント', '', 'Other', 100.00, 10.00, 82, 51, 100),
(330, 1, 'Heal Ball', 'ヒールボール', '', 'Poké Ball', 300.00, 150.00, 54, 96, 100),
(331, 4, 'Heal Powder', 'ばんのうごな', '', 'Medicine', 300.00, 150.00, 77, 69, 100),
(332, 6, 'Health Feather', 'たいりょくのハネ', '', 'Other', 100.00, 150.00, 19, 0, 100),
(333, 4, 'Heart Mail', 'ラブラブメール', '', 'Mail', 50.00, 25.00, 6, 42, 100),
(334, 2, 'Heart Scale', 'ハートのウロコ', '', 'Other', 100.00, 50.00, 91, 16, 100),
(335, 3, 'Heat Rock', 'あついいわ', '', 'Held', 100.00, 2000.00, 47, 71, 100),
(336, 3, 'Heavy Ball', 'ヘビーボール', '', 'Poké Ball', 100.00, 50.00, 43, 23, 100),
(337, 6, 'Heavy-Duty Boots', 'あつぞこブーツ', '', 'Held', 100.00, 2000.00, 31, 99, 100),
(338, 6, 'Helix Fossil', 'かいのカセキ', '', 'Fossil', 100.00, 500.00, 4, 70, 100),
(339, 2, 'Heracronite', 'ヘラクロスナイト', '', 'Mega Stone', 100.00, 50.00, 28, 36, 100),
(340, 4, 'Hi-tech Earbuds', 'すごいみみせん', '', 'Key', 100.00, 50.00, 2, 61, 100),
(341, 3, 'Holo Caster', 'ホロキャスター', '', 'Key', 100.00, 50.00, 51, 24, 100),
(342, 5, 'Hondew Berry', 'ロメのみ', '', 'Berry', 100.00, 10.00, 41, 70, 100),
(343, 5, 'Honey', 'あまいミツ', '', 'Treasure', 100.00, 450.00, 52, 24, 100),
(344, 5, 'Honor of Kalos', 'カロスエンブレム', '', 'Key', 100.00, 50.00, 40, 56, 100),
(345, 1, 'Houndoominite', 'ヘルガナイト', '', 'Mega Stone', 100.00, 50.00, 65, 5, 100),
(346, 4, 'HP Up', 'マックスアップ', '', 'Vitamin', 10000.00, 5000.00, 24, 100, 100),
(347, 2, 'Hyper Potion', 'すごいキズぐすり', '', 'Medicine', 1500.00, 750.00, 64, 75, 100),
(348, 6, 'Iapapa Berry', 'イアのみ', '', 'Berry', 100.00, 10.00, 33, 24, 100),
(349, 6, 'Ice Berry', 'こおったきのみ', '', 'Berry', 100.00, 10.00, 59, 9, 100),
(350, 4, 'Ice Gem', 'こおりのジュエル', '', 'Held', 100.00, 100.00, 22, 43, 100),
(351, 6, 'Ice Heal', 'こおりなおし', '', 'Medicine', 200.00, 100.00, 65, 24, 100),
(352, 5, 'Ice Memory', 'アイスメモリ', '', 'Held', 100.00, 500.00, 6, 9, 100),
(353, 3, 'Iceroot Carrot', 'つめたいにんじん', '', 'Key', 100.00, 50.00, 80, 85, 100),
(354, 6, 'Icicle Plate', 'つららのプレート', '', 'Held', 100.00, 500.00, 74, 5, 100),
(355, 2, 'Ice Stone', 'こおりのいし', '', 'Evolutionary', 100.00, 1500.00, 34, 66, 100),
(356, 3, 'Icium Z', 'コオリZ', '', 'Z-Crystal', 100.00, 50.00, 79, 15, 100),
(357, 1, 'Icy Rock', 'つめたいいわ', '', 'Held', 100.00, 2000.00, 44, 32, 100),
(358, 4, 'Ilima\'s Normalium Z', 'イリマのノーマルZ', '', 'Key', 100.00, 50.00, 65, 81, 100),
(359, 4, 'Impish Mint', 'わんぱくミント', '', 'Other', 100.00, 10.00, 46, 27, 100),
(360, 3, 'Incinium Z', 'ガオガエンZ', '', 'Z-Crystal', 100.00, 50.00, 66, 7, 100),
(361, 5, 'Inquiry Mail', 'しつもんメール', '', 'Mail', 50.00, 25.00, 72, 1, 100),
(362, 6, 'Insect Plate', 'たまむしプレート', '', 'Held', 100.00, 500.00, 69, 71, 100),
(363, 2, 'Instant Noodles', 'レトルトめん', '', 'Ingredient', 150.00, 75.00, 46, 5, 100),
(364, 3, 'Intriguing Stone', 'すごそうないし', '', 'Key', 100.00, 50.00, 58, 75, 100),
(365, 4, 'Iron', 'ブロムヘキシン', '', 'Vitamin', 10000.00, 5000.00, 50, 66, 100),
(366, 5, 'Iron Ball', 'くろいてっきゅう', '', 'Held', 100.00, 2000.00, 96, 26, 100),
(367, 5, 'Iron Plate', 'こうてつプレート', '', 'Held', 100.00, 500.00, 2, 72, 100),
(368, 3, 'Itemfinder', 'ダウジングマシン', '', 'Key', 100.00, 50.00, 16, 2, 100),
(369, 1, 'Jaboca Berry', 'ジャポのみ', '', 'Berry', 100.00, 10.00, 46, 36, 100),
(370, 2, 'Jade Orb', 'もえぎいろのたま', '', 'Key', 100.00, 50.00, 27, 18, 100),
(371, 5, 'Jaw Fossil', 'アゴのカセキ', '', 'Fossil', 7000.00, 3500.00, 95, 61, 100),
(372, 5, 'Jolly Mint', 'ようきミント', '', 'Other', 100.00, 10.00, 75, 11, 100),
(373, 1, 'Journal', 'ぼうけんノート', '', 'Key', 100.00, 50.00, 46, 37, 100),
(374, 6, 'Kangaskhanite', 'ガルーラナイト', '', 'Mega Stone', 100.00, 50.00, 72, 75, 100),
(375, 2, 'Kasib Berry', 'カシブのみ', '', 'Berry', 100.00, 10.00, 3, 77, 100),
(376, 5, 'Kebia Berry', 'ビアーのみ', '', 'Berry', 100.00, 10.00, 91, 60, 100),
(377, 4, 'Kee Berry', 'アッキのみ', '', 'Berry', 100.00, 10.00, 8, 53, 100),
(378, 6, 'Kelpsy Berry', 'ネコブのみ', '', 'Berry', 100.00, 10.00, 73, 27, 100),
(379, 6, 'Key Stone', 'キーストーン', '', 'Key', 100.00, 50.00, 0, 45, 100),
(380, 4, 'Key to Room 1', '1ごうしつのカギ', '', 'Key', 100.00, 50.00, 89, 5, 100),
(381, 2, 'Key to Room 2', '2ごうしつのカギ', '', 'Key', 100.00, 50.00, 87, 31, 100),
(382, 4, 'Key to Room 4', '4ごうしつのカギ', '', 'Key', 100.00, 50.00, 54, 61, 100),
(383, 3, 'Key to Room 6', '6ごうしつのカギ', '', 'Key', 100.00, 50.00, 53, 78, 100),
(384, 6, 'King\'s Rock', 'おうじゃのしるし', '', 'Held', 100.00, 2500.00, 22, 8, 100),
(385, 2, 'Kommonium Z', 'ジャラランガZ', '', 'Z-Crystal', 100.00, 50.00, 16, 25, 100),
(386, 3, 'Lagging Tail', 'こうこうのしっぽ', '', 'Held', 100.00, 2000.00, 54, 51, 100),
(387, 2, 'Lansat Berry', 'サンのみ', '', 'Berry', 100.00, 10.00, 48, 45, 100),
(388, 6, 'Large Leek', 'ふといながねぎ', '', 'Ingredient', 2200.00, 1100.00, 68, 44, 100),
(389, 2, 'Latiasite', 'ラティアスナイト', '', 'Mega Stone', 100.00, 50.00, 55, 85, 100),
(390, 4, 'Latiosite', 'ラティオスナイト', '', 'Mega Stone', 100.00, 50.00, 84, 82, 100),
(391, 1, 'Lava Cookie', 'フエンせんべい', '', 'Medicine', 100.00, 175.00, 35, 28, 100),
(392, 3, 'Lax Incense', 'のんきのおこう', '', 'Held', 5000.00, 2500.00, 61, 89, 100),
(393, 2, 'Lax Mint', 'のうてんきミント', '', 'Other', 100.00, 10.00, 5, 42, 100),
(394, 6, 'Leaf Letter', 'このはのおてがみ', '', 'Other', 100.00, 50.00, 26, 57, 100),
(395, 6, 'Leaf Stone', 'リーフのいし', '', 'Evolutionary', 100.00, 1500.00, 92, 58, 100),
(396, 4, 'Leek', 'ながねぎ', '', 'Held', 100.00, 500.00, 71, 40, 100),
(397, 2, 'Left Poké Ball', 'のこされたボール', '', 'Key', 100.00, 50.00, 97, 53, 100),
(398, 4, 'Leftovers', 'たべのこし', '', 'Held', 100.00, 2000.00, 60, 54, 100),
(399, 3, 'Lemonade', 'ミックスオレ', '', 'Medicine', 350.00, 200.00, 94, 57, 100),
(400, 1, 'Lens Case', 'レンズケース', '', 'Key', 100.00, 50.00, 57, 63, 100),
(401, 6, 'Leppa Berry', 'ヒメリのみ', '', 'Berry', 100.00, 10.00, 13, 59, 100),
(402, 5, 'Letter', 'ダイゴへのてがみ', '', 'Key', 100.00, 50.00, 68, 73, 100),
(403, 1, 'Level Ball', 'レベルボール', '', 'Poké Ball', 100.00, 50.00, 85, 100, 100),
(404, 2, 'Liberty Pass[1]', 'リバティチケット', '', 'Key', 100.00, 50.00, 82, 46, 100),
(405, 6, 'Liechi Berry', 'チイラのみ', '', 'Berry', 100.00, 10.00, 36, 22, 100),
(406, 1, 'Life Orb', 'いのちのたま', '', 'Held', 100.00, 2000.00, 36, 65, 100),
(407, 2, 'Lift Key', 'エレベータのカギ', '', 'Key', 100.00, 50.00, 58, 36, 100),
(408, 2, 'Light Ball', 'でんきだま', '', 'Held', 100.00, 500.00, 3, 75, 100),
(409, 3, 'Light Clay', 'ひかりのねんど', '', 'Held', 100.00, 2000.00, 43, 13, 100),
(410, 2, 'Light Stone', 'ライトストーン', '', 'Key', 100.00, 50.00, 59, 1, 100),
(411, 1, 'Like Mail', 'おすすめメール', '', 'Mail', 50.00, 25.00, 99, 66, 100),
(412, 4, 'LiteBlueMail', 'みずいろメール', '', 'Mail', 50.00, 25.00, 72, 2, 100),
(413, 4, 'Lock Capsule[2]', 'ロックカプセル', '', 'Key', 100.00, 50.00, 20, 69, 100),
(414, 1, 'Lonely Mint', 'さみしがりミント', '', 'Other', 100.00, 10.00, 56, 80, 100),
(415, 5, 'Lone Earring', 'かたっぽピアス', '', 'Treasure', 100.00, 300.00, 90, 17, 100),
(416, 3, 'Looker Ticket', 'ハンサムチケット', '', 'Key', 100.00, 50.00, 46, 82, 100),
(417, 4, 'Loot Sack', 'たからぶくろ', '', 'Key', 100.00, 50.00, 97, 76, 100),
(418, 6, 'Lopunnite', 'ミミロップナイト', '', 'Mega Stone', 100.00, 50.00, 36, 88, 100),
(419, 6, 'Lost Item', 'おとしもの', '', 'Key', 100.00, 50.00, 5, 15, 100),
(420, 1, 'Love Ball', 'ラブラブボール', '', 'Poké Ball', 100.00, 50.00, 88, 84, 100),
(421, 4, 'Love Sweet', 'ハートアメざいく', '', 'Held', 100.00, 250.00, 15, 20, 100),
(422, 3, 'Lovely Mail', 'ラブリーメール', '', 'Mail', 50.00, 25.00, 57, 74, 100),
(423, 4, 'Lucarionite', 'ルカリオナイト', '', 'Mega Stone', 100.00, 50.00, 100, 61, 100),
(424, 3, 'Luck Incense', 'こううんのおこう', '', 'Held', 11000.00, 5500.00, 97, 48, 100),
(425, 3, 'Lucky Egg', 'しあわせタマゴ', '', 'Held', 100.00, 5000.00, 62, 14, 100),
(426, 4, 'Lucky Punch', 'ラッキーパンチ', '', 'Held', 100.00, 500.00, 66, 59, 100),
(427, 1, 'Lum Berry', 'ラムのみ', '', 'Berry', 100.00, 10.00, 26, 79, 100),
(428, 4, 'Luminous Moss', 'ひかりごけ', '', 'Held', 100.00, 2000.00, 20, 16, 100),
(429, 5, 'Lumiose Galette', 'ミアレガレット', '', 'Medicine', 100.00, 175.00, 9, 3, 100),
(430, 1, 'Lunalium Z', 'ルナアーラZ', '', 'Z-Crystal', 100.00, 50.00, 37, 37, 100),
(431, 1, 'Lunar Wing', 'みかづきのはね', '', 'Key', 100.00, 50.00, 59, 3, 100),
(432, 6, 'Lure', 'むしよせコロン', '', 'Other', 400.00, 200.00, 58, 87, 100),
(433, 5, 'Lure Ball', 'ルアーボール', '', 'Poké Ball', 100.00, 50.00, 54, 50, 100),
(434, 6, 'Lustrous Orb', 'しらたま', '', 'Held', 10000.00, 50.00, 27, 74, 100),
(435, 4, 'Luxury Ball', 'ゴージャスボール', '', 'Poké Ball', 3000.00, 1500.00, 92, 67, 100),
(436, 4, 'Lycanium Z', 'ルガルガンZ', '', 'Z-Crystal', 100.00, 50.00, 24, 73, 100),
(437, 4, 'Mach Bike', 'マッハじてんしゃ', '', 'Key', 100.00, 50.00, 59, 7, 100),
(438, 2, 'Machine Part', 'きかいのぶひん', '', 'Key', 100.00, 50.00, 59, 59, 100),
(439, 4, 'Macho Brace', 'きょうせいギプス', '', 'Held', 100.00, 1500.00, 79, 76, 100),
(440, 6, 'Magma Emblem', 'マグマのしるし', '', 'Key', 100.00, 50.00, 67, 83, 100),
(441, 6, 'Magma Stone', 'かざんのおきいし', '', 'Key', 100.00, 50.00, 18, 100, 100),
(442, 6, 'Magma Suit', 'マグマスーツ', '', 'Key', 100.00, 50.00, 85, 11, 100),
(443, 5, 'Magmarizer', 'マグマブースター', '', 'Evolutionary', 100.00, 1000.00, 96, 86, 100),
(444, 3, 'Magnet', 'じしゃく', '', 'Held', 100.00, 500.00, 35, 94, 100),
(445, 2, 'Mago Berry', 'マゴのみ', '', 'Berry', 100.00, 10.00, 55, 100, 100),
(446, 6, 'Magost Berry', 'ゴスのみ', '', 'Berry', 100.00, 10.00, 95, 68, 100),
(447, 2, 'Makeup Bag', 'コスメポーチ', '', 'Key', 100.00, 50.00, 69, 55, 100),
(448, 4, 'Manectite', 'ライボルトナイト', '', 'Mega Stone', 100.00, 50.00, 9, 79, 100),
(449, 1, 'Maranga Berry', 'タラプのみ', '', 'Berry', 100.00, 10.00, 56, 65, 100),
(450, 4, 'Marble', 'ビーだま', '', 'Treasure', 100.00, 150.00, 10, 62, 100),
(451, 6, 'Mark Charm', 'あかしのおまもり', '', 'Key', 100.00, 50.00, 81, 94, 100),
(452, 4, 'Marshadium Z', 'マーシャドーZ', '', 'Z-Crystal', 100.00, 50.00, 46, 65, 100),
(453, 4, 'Master Ball', 'マスターボール', '', 'Poké Ball', 100.00, 50.00, 31, 36, 100),
(454, 5, 'Mawilite', 'クチートナイト', '', 'Mega Stone', 100.00, 50.00, 80, 75, 100),
(455, 2, 'Max Elixir', 'ピーピーマックス', '', 'Medicine', 100.00, 2250.00, 85, 24, 100),
(456, 5, 'Max Ether', 'ピーピーリカバー', '', 'Medicine', 100.00, 1000.00, 38, 90, 100),
(457, 6, 'Max Honey', 'ダイミツ', '', 'Medicine', 100.00, 4000.00, 53, 2, 100),
(458, 4, 'Max Lure', 'ゴールドコロン', '', 'Other', 900.00, 450.00, 41, 42, 100),
(459, 5, 'Max Mushrooms', 'ダイキノコ', '', 'Battle', 100.00, 4000.00, 30, 95, 100),
(460, 2, 'Max Potion', 'まんたんのくすり', '', 'Medicine', 2500.00, 1250.00, 58, 51, 100),
(461, 4, 'Max Repel', 'ゴールドスプレー', '', 'Other', 900.00, 450.00, 87, 33, 100),
(462, 5, 'Max Revive', 'げんきのかたまり', '', 'Medicine', 100.00, 2000.00, 26, 70, 100),
(463, 6, 'Meadow Plate', 'みどりのプレート', '', 'Held', 100.00, 500.00, 32, 42, 100),
(464, 3, 'Mech Mail', 'メカニカルメール', '', 'Mail', 50.00, 25.00, 10, 22, 100),
(465, 1, 'Medal Box', 'メダルボックス', '', 'Key', 100.00, 50.00, 48, 61, 100),
(466, 4, 'Medichamite', 'チャーレムナイト', '', 'Mega Stone', 100.00, 50.00, 11, 18, 100),
(467, 2, 'Mega Bracelet', 'メガバングル', '', 'Key', 100.00, 50.00, 73, 18, 100),
(468, 4, 'Mega Charm[2]', 'メガチャーム', '', 'Key', 100.00, 50.00, 63, 41, 100),
(469, 2, 'Mega Cuff[2]', 'メガブレス', '', 'Key', 100.00, 50.00, 34, 69, 100),
(470, 4, 'Mega Ring', 'メガリング', '', 'Key', 100.00, 50.00, 35, 9, 100),
(471, 3, 'Member Card[1]', 'メンバーズカード', '', 'Key', 100.00, 50.00, 37, 28, 100),
(472, 6, 'Mental Herb', 'メンタルハーブ', '', 'Held', 100.00, 2000.00, 29, 30, 100),
(473, 3, 'Metagrossite', 'メタグロスナイト', '', 'Mega Stone', 100.00, 50.00, 11, 2, 100),
(474, 1, 'Metal Coat', 'メタルコート', '', 'Held', 100.00, 1000.00, 55, 0, 100),
(475, 2, 'Metal Powder', 'メタルパウダー', '', 'Held', 100.00, 500.00, 91, 67, 100),
(476, 2, 'Meteorite', 'いんせき', '', 'Key', 100.00, 50.00, 62, 81, 100),
(477, 2, 'Meteorite Shard', 'いんせきのかけら', '', 'Key', 100.00, 50.00, 87, 68, 100),
(478, 5, 'Metronome', 'メトロノーム', '', 'Held', 100.00, 2000.00, 4, 69, 100),
(479, 1, 'Mewnium Z', 'ミュウZ', '', 'Z-Crystal', 100.00, 50.00, 28, 97, 100),
(480, 5, 'Mewtwonite X', 'ミュウツナイトX', '', 'Mega Stone', 100.00, 50.00, 45, 72, 100),
(481, 4, 'Mewtwonite Y', 'ミュウツナイトY', '', 'Mega Stone', 100.00, 50.00, 56, 98, 100),
(482, 5, 'Micle Berry', 'ミクルのみ', '', 'Berry', 100.00, 10.00, 49, 1, 100),
(483, 2, 'Mild Mint', 'おっとりミント', '', 'Other', 100.00, 10.00, 96, 69, 100),
(484, 5, 'Mimikium Z', 'ミミッキュZ', '', 'Z-Crystal', 100.00, 50.00, 34, 2, 100),
(485, 5, 'Mind Plate', 'ふしぎのプレート', '', 'Held', 100.00, 500.00, 47, 95, 100),
(486, 5, 'Mint Berry', 'はっかのみ', '', 'Berry', 100.00, 10.00, 45, 76, 100),
(487, 5, 'Miracle Seed', 'きせきのタネ', '', 'Held', 100.00, 500.00, 53, 80, 100),
(488, 2, 'MiracleBerry', 'きせきのみ', '', 'Berry', 100.00, 10.00, 71, 0, 100),
(489, 2, 'Mirage Mail', 'まぼろしメール', '', 'Mail', 50.00, 25.00, 74, 99, 100),
(490, 1, 'Misty Seed', 'ミストシード', '', 'Held', 100.00, 2000.00, 68, 53, 100),
(491, 4, 'Mixed Mushrooms', 'キノコパック', '', 'Ingredient', 400.00, 200.00, 30, 73, 100),
(492, 5, 'Modest Mint', 'ひかえめミント', '', 'Other', 100.00, 10.00, 24, 91, 100),
(493, 2, 'Moomoo Cheese', 'モーモーチーズ', '', 'Ingredient', 2200.00, 1100.00, 88, 76, 100),
(494, 6, 'Moomoo Milk', 'モーモーミルク', '', 'Medicine', 0.00, 300.00, 23, 73, 100),
(495, 6, 'Moon Ball', 'ムーンボール', '', 'Poké Ball', 100.00, 50.00, 92, 89, 100),
(496, 4, 'Moon Flute', 'つきのふえ', '', 'Key', 100.00, 50.00, 18, 78, 100),
(497, 4, 'Moon Stone', 'つきのいし', '', 'Evolutionary', 100.00, 1500.00, 47, 5, 100),
(498, 4, 'Morph Mail', 'へんしんメール', '', 'Mail', 50.00, 25.00, 52, 81, 100),
(499, 5, 'Mosaic Mail', '', '', 'Mail', 50.00, 25.00, 94, 56, 100),
(500, 4, 'Muscle Band', 'ちからのハチマキ', '', 'Held', 100.00, 2000.00, 28, 41, 100),
(501, 5, 'Muscle Feather', 'きんりょくのハネ', '', 'Other', 100.00, 150.00, 52, 90, 100),
(502, 1, 'Music Mail', 'おんぷメール', '', 'Mail', 50.00, 25.00, 63, 78, 100),
(503, 1, 'Mystery Egg', 'ふしぎなタマゴ', '', 'Key', 100.00, 50.00, 16, 2, 100),
(504, 2, 'MysteryBerry', 'ふしぎなきのみ', '', 'Berry', 100.00, 10.00, 10, 9, 100),
(505, 2, 'Mystic Water', 'しんぴのしずく', '', 'Held', 100.00, 500.00, 31, 69, 100),
(506, 3, 'MysticTicket[1]', 'しんぴのチケット', '', 'Key', 100.00, 50.00, 36, 57, 100),
(507, 2, 'N-Lunarizer', 'ネクロプラスルナ', '', 'Key', 100.00, 50.00, 11, 42, 100),
(508, 2, 'N-Solarizer', 'ネクロプラスソル', '', 'Key', 100.00, 50.00, 46, 58, 100),
(509, 3, 'Naive Mint', 'むじゃきミント', '', 'Other', 100.00, 10.00, 29, 77, 100),
(510, 3, 'Nanab Berry', 'ナナのみ', '', 'Berry', 100.00, 10.00, 53, 29, 100),
(511, 6, 'Naughty Mint', 'やんちゃミント', '', 'Other', 100.00, 10.00, 1, 57, 100),
(512, 1, 'Nest Ball', 'ネストボール', '', 'Poké Ball', 1000.00, 500.00, 54, 12, 100),
(513, 3, 'Net Ball', 'ネットボール', '', 'Poké Ball', 1000.00, 500.00, 29, 29, 100),
(514, 2, 'Never-Melt Ice', 'とけないこおり', '', 'Held', 100.00, 500.00, 61, 72, 100),
(515, 4, 'Nomel Berry', 'ノメルのみ', '', 'Berry', 100.00, 10.00, 78, 88, 100),
(516, 2, 'Normal Box', 'きのはこ', '', 'Other', 100.00, 5.00, 85, 72, 100),
(517, 3, 'Normal Gem', 'ノーマルジュエル', '', 'Held', 100.00, 100.00, 100, 78, 100),
(518, 3, 'Normalium Z', 'ノーマルZ', '', 'Z-Crystal', 100.00, 50.00, 19, 16, 100),
(519, 1, 'Nugget', 'きんのたま', '', 'Treasure', 100.00, 5000.00, 50, 93, 100),
(520, 5, 'Oak\'s Letter [1]', 'オーキドのてがみ', '', 'Key', 100.00, 50.00, 75, 99, 100),
(521, 4, 'Oak\'s Parcel', 'おとどけもの', '', 'Key', 100.00, 50.00, 88, 2, 100),
(522, 5, 'Occa Berry', 'オッカのみ', '', 'Berry', 100.00, 10.00, 52, 6, 100),
(523, 5, 'Odd Incense', 'あやしいおこう', '', 'Held', 2000.00, 1000.00, 56, 28, 100),
(524, 4, 'Odd Keystone', 'かなめいし', '', 'Other', 100.00, 1050.00, 24, 13, 100),
(525, 6, 'Old Amber', 'ひみつのコハク', '', 'Fossil', 100.00, 500.00, 36, 37, 100),
(526, 1, 'Old Charm', 'こだいのおまもり', '', 'Key', 100.00, 50.00, 80, 100, 100),
(527, 2, 'Old Gateau', 'もりのヨウカン', '', 'Medicine', 100.00, 175.00, 31, 98, 100),
(528, 1, 'Old Letter', 'ふるびたてがみ', '', 'Key', 100.00, 50.00, 82, 51, 100),
(529, 3, 'Old Rod', 'ボロのつりざお', '', 'Key', 100.00, 50.00, 58, 88, 100),
(530, 3, 'Old Sea Map[1]', 'ふるびたかいず', '', 'Key', 100.00, 50.00, 43, 87, 100),
(531, 2, 'Oran Berry', 'オレンのみ', '', 'Berry', 100.00, 10.00, 75, 68, 100),
(532, 2, 'Orange Mail', 'オレンジメール', '', 'Mail', 50.00, 25.00, 52, 15, 100),
(533, 4, 'Orange Petal', 'だいだいはなびら', '', 'Key', 100.00, 50.00, 33, 80, 100),
(534, 2, 'Oval Charm', 'まるいおまもり', '', 'Key', 100.00, 50.00, 66, 66, 100),
(535, 4, 'Oval Stone', 'まんまるいし', '', 'Evolutionary', 100.00, 1000.00, 41, 75, 100),
(536, 3, 'Pack of Potatoes', 'ポテトパック', '', 'Ingredient', 400.00, 200.00, 73, 83, 100),
(537, 5, 'Packaged Curry', 'レトルトカレー', '', 'Ingredient', 950.00, 475.00, 70, 29, 100),
(538, 5, 'Pair of Tickets', 'ペアチケット', '', 'Key', 100.00, 50.00, 84, 68, 100),
(539, 5, 'Pal Pad', 'ともだちてちょう', '', 'Key', 100.00, 50.00, 49, 28, 100),
(540, 2, 'Pamtre Berry', 'シーヤのみ', '', 'Berry', 100.00, 10.00, 60, 36, 100),
(541, 6, 'Paralyze Heal', 'まひなおし', '', 'Medicine', 200.00, 100.00, 99, 10, 100),
(542, 5, 'Parcel', 'おとどけもの', '', 'Key', 100.00, 50.00, 80, 4, 100),
(543, 6, 'Park Ball', 'パークボール', '', 'Poké Ball', 100.00, 50.00, 2, 43, 100),
(544, 5, 'Pass', 'リニアパス', '', 'Key', 100.00, 50.00, 90, 12, 100),
(545, 3, 'Pass Orb', 'デルダマ', '', 'Other', 100.00, 100.00, 12, 20, 100),
(546, 2, 'Passho Berry', 'イトケのみ', '', 'Berry', 100.00, 10.00, 84, 33, 100),
(547, 2, 'Pasta', 'パスタ', '', 'Ingredient', 150.00, 75.00, 89, 45, 100),
(548, 2, 'Payapa Berry', 'ウタンのみ', '', 'Berry', 100.00, 10.00, 27, 53, 100),
(549, 4, 'Pearl', 'しんじゅ', '', 'Treasure', 100.00, 1000.00, 66, 48, 100),
(550, 5, 'Pearl String', 'おだんごしんじゅ', '', 'Treasure', 100.00, 10000.00, 36, 76, 100),
(551, 3, 'Pecha Berry', 'モモンのみ', '', 'Berry', 100.00, 10.00, 94, 80, 100),
(552, 4, 'Permit', 'きょかしょう', '', 'Key', 100.00, 50.00, 13, 45, 100),
(553, 4, 'Persim Berry', 'キーのみ', '', 'Berry', 100.00, 10.00, 35, 84, 100),
(554, 4, 'Petaya Berry', 'ヤタピのみ', '', 'Berry', 100.00, 10.00, 52, 46, 100),
(555, 6, 'Pewter Crunchies', 'ニビあられ', '', 'Medicine', 100.00, 175.00, 11, 83, 100),
(556, 5, 'Photo Album', 'フォトアルバム', '', 'Key', 100.00, 50.00, 50, 77, 100),
(557, 3, 'Pidgeotite', 'ピジョットナイト', '', 'Mega Stone', 100.00, 50.00, 92, 9, 100),
(558, 4, 'Pikanium Z', 'ピカチュウZ', '', 'Z-Crystal', 100.00, 50.00, 79, 56, 100),
(559, 6, 'Pikashunium Z', 'サトピカZ', '', 'Z-Crystal', 100.00, 50.00, 70, 51, 100),
(560, 6, 'Pinap Berry', 'パイルのみ', '', 'Berry', 100.00, 10.00, 66, 56, 100),
(561, 6, 'Pink Apricorn', 'ももぼんぐり', '', 'Other', 100.00, 50.00, 59, 48, 100),
(562, 3, 'Pink Bow', 'ピンクのリボン', '', 'Held', 100.00, 15.00, 39, 33, 100),
(563, 5, 'Pink Nectar', 'うすもものミツ', '', 'Other', 100.00, 150.00, 72, 76, 100),
(564, 2, 'Pink Petal', 'ももいろはなびら', '', 'Key', 100.00, 50.00, 83, 97, 100),
(565, 2, 'Pink Scarf', 'ピンクのバンダナ', '', 'Held', 100.00, 50.00, 24, 65, 100),
(566, 2, 'Pinsirite', 'カイロスナイト', '', 'Mega Stone', 100.00, 50.00, 64, 88, 100),
(567, 5, 'Pixie Plate', 'せいれいプレート', '', 'Held', 100.00, 500.00, 6, 14, 100),
(568, 2, 'Plasma Card', 'プラズマカード', '', 'Key', 100.00, 50.00, 22, 9, 100),
(569, 4, 'Plume Fossil', 'はねのカセキ', '', 'Fossil', 7000.00, 3500.00, 94, 19, 100),
(570, 6, 'Poffin Case', 'ポフィンケース', '', 'Key', 100.00, 50.00, 17, 61, 100),
(571, 3, 'Point Card', 'ポイントカード', '', 'Key', 100.00, 50.00, 66, 35, 100),
(572, 1, 'Poison Barb', 'どくバリ', '', 'Held', 100.00, 500.00, 83, 23, 100),
(573, 3, 'Poison Gem', 'どくのジュエル', '', 'Held', 100.00, 100.00, 98, 8, 100),
(574, 4, 'Poison Memory', 'ポイズンメモリ', '', 'Held', 100.00, 500.00, 29, 61, 100),
(575, 4, 'Poisonium Z', 'ドクZ', '', 'Held', 100.00, 50.00, 11, 82, 100),
(576, 1, 'Poké Ball', 'モンスターボール', '', 'Poké Ball', 200.00, 100.00, 81, 33, 100),
(577, 5, 'Poké Doll', 'ピッピにんぎょう', '', 'Other', 300.00, 150.00, 12, 1, 100),
(578, 3, 'Poké Flute', 'ポケモンのふえ', '', 'Key', 100.00, 50.00, 27, 70, 100),
(579, 4, 'Poké Radar', 'ポケモントレーサー', '', 'Key', 100.00, 50.00, 6, 72, 100),
(580, 6, 'Poké Toy', 'ポケじゃらし', '', 'Other', 100.00, 50.00, 66, 85, 100),
(581, 1, 'Pokéblock Case', 'ポロックケース', '', 'Key', 100.00, 50.00, 26, 78, 100),
(582, 3, 'Pokéblock Kit', 'ポロックキット', '', 'Key', 100.00, 50.00, 7, 7, 100),
(583, 1, 'Pokémon Box Link', 'ポケモンボックス', '', 'Key[5]', 100.00, 50.00, 53, 65, 100),
(584, 2, 'Polished Mud Ball', 'ピカピカだんご', '', 'Treasure', 100.00, 600.00, 19, 95, 100),
(585, 6, 'Polkadot Bow', 'みずたまリボン', '', 'Held', 100.00, 50.00, 53, 18, 100),
(586, 5, 'Pomeg Berry', 'ザロクのみ', '', 'Berry', 100.00, 10.00, 43, 84, 100),
(587, 2, 'PortraitMail', 'にがおえメール', '', 'Mail', 50.00, 25.00, 48, 51, 100),
(588, 4, 'Potion', 'キズぐすり', '', 'Medicine', 200.00, 100.00, 30, 89, 100),
(589, 3, 'Powder Jar', 'こないれ', '', 'Key', 100.00, 50.00, 50, 57, 100),
(590, 2, 'Power Anklet', 'パワーアンクル', '', 'Held', 100.00, 1500.00, 95, 50, 100),
(591, 1, 'Power Band', 'パワーバンド', '', 'Held', 100.00, 1500.00, 67, 31, 100),
(592, 5, 'Power Belt', 'パワーベルト', '', 'Held', 100.00, 1500.00, 12, 41, 100),
(593, 2, 'Power Bracer', 'パワーリスト', '', 'Held', 100.00, 1500.00, 73, 32, 100),
(594, 1, 'Power Herb', 'パワフルハーブ', '', 'Held', 100.00, 2000.00, 48, 98, 100),
(595, 3, 'Power Lens', 'パワーレンズ', '', 'Held', 100.00, 1500.00, 18, 36, 100),
(596, 6, 'Power Plant Pass', 'はつでんしょパス', '', 'Key', 100.00, 50.00, 58, 39, 100),
(597, 3, 'Power Weight', 'パワーウエイト', '', 'Held', 100.00, 1500.00, 38, 69, 100),
(598, 6, 'PP Max', 'ポイントマックス', '', 'Vitamin', 100.00, 5000.00, 37, 62, 100),
(599, 6, 'PP Up', 'ポイントアップ', '', 'Vitamin', 100.00, 5000.00, 16, 59, 100),
(600, 4, 'Precooked Burger', 'レトルトバーグ', '', 'Ingredient', 150.00, 75.00, 94, 89, 100),
(601, 3, 'Premier Ball', 'プレミアボール', '', 'Poké Ball', 100.00, 10.00, 21, 33, 100),
(602, 2, 'Pretty Feather', 'きれいなハネ', '', 'Treasure', 100.00, 500.00, 47, 13, 100),
(603, 1, 'Primarium Z', 'アシレーヌZ', '', 'Z-Crystal', 100.00, 50.00, 53, 65, 100),
(604, 5, 'Prism Scale', 'きれいなウロコ', '', 'Held', 100.00, 1000.00, 91, 63, 100),
(605, 3, 'Prison Bottle[1]', 'いましめのツボ', '', 'Key', 100.00, 50.00, 26, 93, 100),
(606, 6, 'Prof\'s Letter', 'はかせのてがみ', '', 'Key', 100.00, 50.00, 4, 92, 100),
(607, 1, 'Professor\'s Mask', 'はかせのふくめん', '', 'Key', 100.00, 50.00, 1, 53, 100),
(608, 1, 'Prop Case', 'グッズケース', '', 'Key', 100.00, 50.00, 29, 64, 100),
(609, 6, 'Protector', 'プロテクター', '', 'Held', 100.00, 1000.00, 3, 55, 100),
(610, 3, 'Protective Pads', 'ぼうごパット', '', 'Held', 100.00, 2000.00, 48, 84, 100),
(611, 1, 'Protein', 'タウリン', '', 'Vitamin', 10000.00, 5000.00, 67, 36, 100),
(612, 2, 'PRZCureBerry', 'まひなおしのみ', '', 'Berry', 100.00, 10.00, 50, 99, 100),
(613, 5, 'PSNCureBerry', 'どくけしのみ', '', 'Berry', 100.00, 10.00, 44, 46, 100),
(614, 4, 'Psychic Gem', 'エスパージュエル', '', 'Held', 100.00, 100.00, 38, 67, 100),
(615, 2, 'Psychic Memory', 'サイコシード', '', 'Held', 100.00, 500.00, 17, 96, 100),
(616, 3, 'Psychic Seed', 'サイキックメモリ', '', 'Held', 100.00, 2000.00, 32, 85, 100),
(617, 3, 'Psychium Z', 'エスパーZ', '', 'Z-Crystal', 100.00, 50.00, 76, 7, 100),
(618, 1, 'Pungent Root', 'みずべのハーブ', '', 'Ingredient', 100.00, 475.00, 8, 10, 100),
(619, 1, 'Pure Incense', 'きよめのおこう', '', 'Held', 6000.00, 3000.00, 43, 54, 100),
(620, 2, 'Purple Nectar', 'むらさきのミツ', '', 'Other', 100.00, 150.00, 68, 79, 100),
(621, 6, 'Purple Petal', 'むらさきはなびら', '', 'Key', 100.00, 50.00, 83, 98, 100),
(622, 5, 'Qualot Berry', 'タポルのみ', '', 'Berry', 100.00, 10.00, 90, 95, 100),
(623, 5, 'Quick Ball', 'クイックボール', '', 'Poké Ball', 1000.00, 500.00, 58, 78, 100),
(624, 6, 'Quick Claw', 'せんせいのツメ', '', 'Held', 100.00, 2000.00, 28, 64, 100),
(625, 1, 'Quick Powder', 'スピードパウダー', '', 'Held', 100.00, 500.00, 37, 41, 100),
(626, 6, 'Quiet Mint', 'れいせいミント', '', 'Other', 100.00, 10.00, 11, 47, 100),
(627, 6, 'Rabuta Berry', 'ラブタのみ', '', 'Berry', 100.00, 10.00, 26, 73, 100),
(628, 3, 'Radiant Petal', 'かがやくはなびら', '', 'Key', 100.00, 50.00, 62, 16, 100),
(629, 5, 'Rage Candy Bar', 'いかりまんじゅう', '', 'Medicine[6]', 100.00, 175.00, 36, 5, 100),
(630, 4, 'Rainbow Flower', 'にじいろのはな', '', 'Key', 100.00, 50.00, 11, 73, 100),
(631, 1, 'Rainbow Wing', 'にじいろのはね', '', 'Key', 100.00, 50.00, 99, 14, 100),
(632, 3, 'Rare Bone', 'きちょうなホネ', '', 'Treasure', 100.00, 2500.00, 98, 15, 100),
(633, 4, 'Rare Candy', 'ふしぎなアメ', '', 'Other', 100.00, 5000.00, 35, 61, 100),
(634, 1, 'Rash Mint', 'うっかりやミント', '', 'Other', 100.00, 10.00, 45, 42, 100),
(635, 5, 'Rawst Berry', 'チーゴのみ', '', 'Berry', 100.00, 10.00, 29, 46, 100),
(636, 3, 'Razor Claw', 'するどいツメ', '', 'Held', 100.00, 2500.00, 98, 47, 100),
(637, 3, 'Razor Fang', 'するどいキバ', '', 'Held', 100.00, 2500.00, 78, 27, 100),
(638, 2, 'Razz Berry', 'ズリのみ', '', 'Berry', 100.00, 10.00, 75, 3, 100),
(639, 1, 'Reaper Cloth', 'れいかいのぬの', '', 'Held', 100.00, 1000.00, 99, 65, 100),
(640, 5, 'Red Apricorn', 'あかぼんぐり', '', 'Other', 100.00, 50.00, 60, 32, 100),
(641, 3, 'Red Card', 'レッドカード', '', 'Held', 100.00, 2000.00, 50, 95, 100),
(642, 6, 'Red Chain[2]', 'あかいくさり', '', 'Key', 100.00, 50.00, 9, 67, 100),
(643, 1, 'Red Flute', 'あかいビードロ', '', 'Other', 100.00, 10.00, 23, 41, 100),
(644, 6, 'Red Nectar', 'くれないのミツ', '', 'Other', 100.00, 150.00, 51, 32, 100),
(645, 1, 'Red Orb', 'べにいろのたま', '', 'Held', 10000.00, 50.00, 97, 83, 100),
(646, 3, 'Red Petal', 'あかのはなびら', '', 'Key', 100.00, 50.00, 36, 87, 100),
(647, 2, 'Red Scale', 'あかいウロコ', '', 'Key', 100.00, 50.00, 90, 3, 100),
(648, 5, 'Red Scarf', 'あかいバンダナ', '', 'Held', 100.00, 50.00, 20, 3, 100),
(649, 2, 'Red Shard', 'あかいかけら', '', 'Other', 100.00, 500.00, 43, 80, 100),
(650, 1, 'Reins of Unity', 'キズナのタヅナ', '', 'Key', 100.00, 50.00, 90, 97, 100),
(651, 4, 'Relaxed Mint', 'のんきミント', '', 'Other', 100.00, 10.00, 74, 78, 100),
(652, 4, 'Relic Band', 'こだいのうでわ', '', 'Treasure', 100.00, 50.00, 19, 51, 100),
(653, 2, 'Relic Copper', 'こだいのどうか', '', 'Treasure', 100.00, 50.00, 26, 95, 100),
(654, 2, 'Relic Crown', 'こだいのおうかん', '', 'Treasure', 100.00, 50.00, 85, 71, 100),
(655, 5, 'Relic Gold', 'こだいのきんか', '', 'Treasure', 100.00, 30000.00, 73, 87, 100),
(656, 1, 'Relic Silver', 'こだいのぎんか', '', 'Treasure', 100.00, 50.00, 63, 38, 100),
(657, 1, 'Relic Statue', 'こだいのせきぞう', '', 'Treasure', 100.00, 50.00, 22, 51, 100),
(658, 2, 'Relic Vase', 'こだいのツボ', '', 'Treasure', 100.00, 50.00, 37, 17, 100),
(659, 2, 'Repeat Ball', 'リピートボール', '', 'Poké Ball', 1000.00, 500.00, 21, 91, 100),
(660, 2, 'Repel', 'むしよけスプレー', '', 'Other', 400.00, 200.00, 56, 47, 100);
INSERT INTO `inventory` (`IID`, `VID`, `item_name`, `japanese_item_name`, `item_description`, `item_type`, `selling_price`, `cost`, `in_stock`, `reorder_amount`, `base_stock`) VALUES
(661, 3, 'Reply Mail', 'おかえしメール', '', 'Mail', 50.00, 25.00, 17, 12, 100),
(662, 3, 'Resist Feather', 'ていこうのハネ', '', 'Other', 100.00, 150.00, 49, 51, 100),
(663, 6, 'Retro Mail', 'レトロメール', '', 'Mail', 50.00, 25.00, 63, 82, 100),
(664, 3, 'Reveal Glass', 'うつしかがみ', '', 'Key', 100.00, 50.00, 86, 22, 100),
(665, 2, 'Revival Herb', 'ふっかつそう', '', 'Medicine', 2800.00, 1400.00, 64, 43, 100),
(666, 5, 'Revive', 'げんきのかけら', '', 'Medicine', 2000.00, 1000.00, 22, 33, 100),
(667, 6, 'Ribbon Sweet', 'リボンアメざいく', '', 'Held', 100.00, 250.00, 31, 59, 100),
(668, 5, 'Rich Mulch', 'たわわこやし', '', 'Other', 100.00, 100.00, 35, 88, 100),
(669, 4, 'Ride Pager[2]', 'ライドギア', '', 'Key', 100.00, 50.00, 83, 17, 100),
(670, 6, 'Rindo Berry', 'リンドのみ', '', 'Berry', 100.00, 10.00, 15, 2, 100),
(671, 1, 'Ring Target', 'ねらいのまと', '', 'Held', 100.00, 2000.00, 1, 25, 100),
(672, 4, 'Rock Gem', 'いわのジュエル', '', 'Held', 100.00, 100.00, 13, 76, 100),
(673, 2, 'Rock Incense', 'がんせきおこう', '', 'Held', 2000.00, 1000.00, 23, 27, 100),
(674, 6, 'Rock Memory', 'ロックメモリ', '', 'Held', 100.00, 500.00, 2, 18, 100),
(675, 6, 'Rockium Z', 'イワZ', '', 'Z-Crystal', 100.00, 50.00, 32, 60, 100),
(676, 5, 'Rocky Helmet', 'ゴツゴツメット', '', 'Held', 100.00, 2000.00, 39, 74, 100),
(677, 2, 'Roller Skates', 'ローラースケート', '', 'Key', 100.00, 50.00, 16, 9, 100),
(678, 1, 'Room Service', 'ルームサービス', '', 'Held', 100.00, 2000.00, 13, 2, 100),
(679, 2, 'Root Fossil', 'ねっこのカセキ', '', 'Fossil', 7000.00, 3500.00, 33, 60, 100),
(680, 1, 'Rose Incense', 'おはなのおこう', '', 'Held', 2000.00, 1000.00, 94, 76, 100),
(681, 6, 'Roseli Berry', 'ロゼルのみ', '', 'Berry', 100.00, 10.00, 95, 83, 100),
(682, 2, 'Rotom Bike', 'ロトムじてんしゃ', '', 'Key', 100.00, 50.00, 35, 46, 100),
(683, 5, 'Rotom Catalog', 'ロトムのカタログ', '', 'Key', 100.00, 50.00, 57, 2, 100),
(684, 6, 'Rowap Berry', 'レンブのみ', '', 'Berry', 100.00, 10.00, 58, 99, 100),
(685, 1, 'RSVP Mail', 'おさそいメール', '', 'Mail', 50.00, 25.00, 67, 94, 100),
(686, 3, 'Ruby', 'ルビー', '', 'Key', 100.00, 50.00, 43, 68, 100),
(687, 1, 'Rule Book[2]', 'ルールブック', '', 'Key', 100.00, 50.00, 27, 56, 100),
(688, 3, 'Rusted Shield', 'くちたたて', '', 'Held', 100.00, 50.00, 47, 81, 100),
(689, 3, 'Rusted Sword', 'くちたけん', '', 'Held', 100.00, 50.00, 74, 38, 100),
(690, 2, 'S.S. Ticket', 'ふねのチケット', '', 'Key', 100.00, 50.00, 96, 50, 100),
(691, 4, 'Sablenite', 'ヤミラミナイト', '', 'Mega Stone', 100.00, 50.00, 57, 91, 100),
(692, 5, 'Sachet', 'においぶくろ', '', 'Held', 100.00, 1000.00, 13, 34, 100),
(693, 3, 'Sacred Ash', 'せいなるはい', '', 'Medicine', 100.00, 25000.00, 21, 28, 100),
(694, 2, 'Safari Ball', 'サファリボール', '', 'Poké Ball', 100.00, 50.00, 16, 19, 100),
(695, 5, 'Safety Goggles', 'ぼうじんゴーグル', '', 'Held', 100.00, 2000.00, 63, 25, 100),
(696, 1, 'Sail Fossil', 'ヒレのカセキ', '', 'Fossil', 7000.00, 3500.00, 80, 93, 100),
(697, 6, 'Salac Berry', 'カムラのみ', '', 'Berry', 100.00, 10.00, 59, 5, 100),
(698, 2, 'Salad Mix', 'やさいパック', '', 'Ingredient', 400.00, 200.00, 68, 28, 100),
(699, 5, 'Salamencite', 'ボーマンダナイト', '', 'Mega Stone', 100.00, 50.00, 86, 94, 100),
(700, 5, 'Sapphire', 'サファイア', '', 'Key', 100.00, 50.00, 33, 15, 100),
(701, 5, 'Sassy Mint', 'なまいきミント', '', 'Other', 100.00, 10.00, 50, 70, 100),
(702, 3, 'Sausages', 'あらびきヴルスト', '', 'Ingredient', 400.00, 200.00, 6, 23, 100),
(703, 4, 'Scanner', 'たんちき', '', 'Key', 100.00, 50.00, 54, 23, 100),
(704, 4, 'Sceptilite', 'ジュカインナイト', '', 'Mega Stone', 100.00, 50.00, 24, 84, 100),
(705, 4, 'Scizorite', 'ハッサムナイト', '', 'Mega Stone', 100.00, 50.00, 73, 45, 100),
(706, 6, 'Scope Lens', 'ピントレンズ', '', 'Held', 100.00, 2000.00, 11, 58, 100),
(707, 4, 'Sea Incense', 'うしおのおこう', '', 'Held', 2000.00, 1000.00, 5, 80, 100),
(708, 2, 'Seal Bag[2]', 'シールぶくろ', '', 'Key', 100.00, 50.00, 86, 0, 100),
(709, 2, 'Seal Case', 'シールいれ', '', 'Key', 100.00, 50.00, 6, 31, 100),
(710, 6, 'Secret Key[1]', 'ひみつのカギ', '', 'Key', 100.00, 50.00, 40, 77, 100),
(711, 4, 'Secret Potion', 'ひでんのくすり', '', 'Key', 100.00, 50.00, 37, 56, 100),
(712, 2, 'Serious Mint', 'まじめミント', '', 'Other', 100.00, 10.00, 69, 3, 100),
(713, 2, 'Shaderoot Carrot', 'くろいにんじん', '', 'Key', 100.00, 50.00, 37, 91, 100),
(714, 6, 'Shadow Mail', 'シャドーメール', '', 'Mail', 50.00, 25.00, 16, 89, 100),
(715, 1, 'Shalour Sable', 'シャラサブレ', '', 'Medicine', 100.00, 175.00, 78, 80, 100),
(716, 1, 'Sharp Beak', 'するどいくちばし', '', 'Held', 100.00, 500.00, 35, 64, 100),
(717, 2, 'Sharpedonite', 'サメハダナイト', '', 'Mega Stone', 100.00, 50.00, 2, 56, 100),
(718, 6, 'Shed Shell', 'きれいなぬけがら', '', 'Held', 100.00, 2000.00, 99, 97, 100),
(719, 6, 'Shell Bell', 'かいがらのすず', '', 'Held', 100.00, 2000.00, 61, 73, 100),
(720, 5, 'Shiny Charm', 'ひかるおまもり', '', 'Key', 100.00, 50.00, 3, 35, 100),
(721, 1, 'Shiny Stone', 'ひかりのいし', '', 'Evolutionary', 100.00, 1500.00, 3, 67, 100),
(722, 2, 'Shoal Salt', 'あさせのしお', '', 'Other', 100.00, 10.00, 95, 50, 100),
(723, 1, 'Shoal Shell', 'あさせのかいがら', '', 'Other', 100.00, 10.00, 79, 46, 100),
(724, 6, 'Shock Drive', 'イナズマカセット', '', 'Held', 100.00, 50.00, 49, 44, 100),
(725, 1, 'Shuca Berry', 'シュカのみ', '', 'Berry', 100.00, 10.00, 29, 91, 100),
(726, 4, 'Silk Scarf', 'シルクのスカーフ', '', 'Held', 100.00, 500.00, 47, 60, 100),
(727, 5, 'Silph Scope', 'シルフスコープ', '', 'Key', 100.00, 50.00, 22, 93, 100),
(728, 1, 'Silver Leaf', 'ぎんのはっぱ', '', 'Other', 100.00, 500.00, 86, 2, 100),
(729, 5, 'Silver Nanab Berry', 'ぎんのナナのみ', '', 'Berry', 100.00, 500.00, 50, 36, 100),
(730, 5, 'Silver Pinap Berry', 'ぎんのパイルのみ', '', 'Berry', 100.00, 500.00, 91, 75, 100),
(731, 5, 'Silver Powder', 'ぎんのこな', '', 'Held', 100.00, 500.00, 49, 80, 100),
(732, 3, 'Silver Razz Berry', 'きんのズリのみ', '', 'Berry', 100.00, 500.00, 61, 73, 100),
(733, 5, 'Silver Wing', 'ぎんいろのはね', '', 'Key', 100.00, 50.00, 64, 10, 100),
(734, 2, 'Sitrus Berry', 'オボンのみ', '', 'Berry', 100.00, 10.00, 2, 73, 100),
(735, 3, 'Skull Fossil', 'ずがいのカセキ', '', 'Fossil', 7000.00, 3500.00, 69, 20, 100),
(736, 2, 'Sky Plate', 'あおぞらプレート', '', 'Held', 100.00, 500.00, 87, 58, 100),
(737, 4, 'Slowbronite', 'ヤドランナイト', '', 'Mega Stone', 100.00, 50.00, 45, 4, 100),
(738, 4, 'Slowpoke Tail[2][7]', 'おいしいシッポ', '', 'Key', 100.00, 50.00, 22, 1, 100),
(739, 3, 'Small Bouquet', 'ちいさなはなたば', '', 'Other', 100.00, 50.00, 17, 40, 100),
(740, 6, 'Smoke Ball', 'けむりだま', '', 'Held', 100.00, 2000.00, 82, 63, 100),
(741, 2, 'Smoke-Poke Tail', 'しっぽのくんせい', '', 'Ingredient', 2200.00, 1100.00, 68, 41, 100),
(742, 5, 'Smooth Rock', 'さらさらいわ', '', 'Held', 100.00, 2000.00, 49, 32, 100),
(743, 4, 'Snorlium Z', 'カビゴンZ', '', 'Z-Crystal', 100.00, 50.00, 47, 85, 100),
(744, 6, 'Snowball', 'ゆきだま', '', 'Held', 100.00, 2000.00, 85, 6, 100),
(745, 6, 'Snow Mail', 'ブリザードメール', '', 'Mail', 50.00, 25.00, 21, 86, 100),
(746, 1, 'Soda Pop', 'サイコソーダ', '', 'Medicine', 300.00, 150.00, 22, 25, 100),
(747, 3, 'Soft Sand', 'やわらかいすな', '', 'Held', 100.00, 500.00, 95, 43, 100),
(748, 2, 'Solganium Z', 'ソルガレオZ', '', 'Z-Crystal', 100.00, 50.00, 59, 16, 100),
(749, 3, 'Sonia\'s Book', 'ソニアのほん', '', 'Key', 100.00, 50.00, 24, 28, 100),
(750, 3, 'Soot Sack', 'はいぶくろ', '', 'Key', 100.00, 50.00, 28, 47, 100),
(751, 5, 'Soothe Bell', 'やすらぎのすず', '', 'Held', 100.00, 2000.00, 7, 54, 100),
(752, 4, 'Soul Dew', 'こころのしずく', '', 'Held', 100.00, 50.00, 47, 23, 100),
(753, 4, 'Space Mail', 'スペースメール', '', 'Mail', 50.00, 25.00, 92, 64, 100),
(754, 3, 'Sparkling Stone', 'かがやくいし', '', 'Held', 100.00, 50.00, 1, 3, 100),
(755, 4, 'Spell Tag', 'のろいのおふだ', '', 'Held', 100.00, 500.00, 63, 46, 100),
(756, 2, 'Spelon Berry', 'ノワキのみ', '', 'Berry', 100.00, 10.00, 67, 62, 100),
(757, 5, 'Splash Plate', 'しずくプレート', '', 'Held', 100.00, 500.00, 21, 31, 100),
(758, 1, 'Spooky Plate', 'もののけプレート', '', 'Held', 100.00, 500.00, 7, 35, 100),
(759, 5, 'Sport Ball', 'コンペボール', '', 'Poké Ball', 100.00, 50.00, 49, 13, 100),
(760, 6, 'Spice Mix', 'スパイスセット', '', 'Ingredient', 400.00, 200.00, 41, 25, 100),
(761, 2, 'Sprayduck', 'コダックじょうろ', '', 'Key', 100.00, 50.00, 27, 91, 100),
(762, 3, 'Sprinklotad', 'ハスボーじょうろ', '', 'Key', 100.00, 50.00, 60, 35, 100),
(763, 1, 'Squirt Bottle', 'ゼニガメじょうろ', '', 'Key', 100.00, 50.00, 78, 94, 100),
(764, 4, 'Stable Mulch', 'ながながこやし', '', 'Other', 100.00, 100.00, 26, 55, 100),
(765, 4, 'Star Piece', 'ほしのかけら', '', 'Treasure', 100.00, 6000.00, 40, 75, 100),
(766, 6, 'Star Sweet', 'スターアメざいく', '', 'Held', 100.00, 250.00, 10, 53, 100),
(767, 2, 'Stardust', 'ほしのすな', '', 'Other', 100.00, 1500.00, 14, 43, 100),
(768, 3, 'Starf Berry', 'スターのみ', '', 'Berry', 100.00, 10.00, 38, 51, 100),
(769, 2, 'Steel Gem', 'はがねのジュエル', '', 'Held', 100.00, 100.00, 81, 55, 100),
(770, 6, 'Steel Mail', 'スチールメール', '', 'Mail', 50.00, 25.00, 11, 52, 100),
(771, 5, 'Steel Memory', 'スチールメモリ', '', 'Held', 100.00, 500.00, 12, 8, 100),
(772, 3, 'Steelium Z', 'ハガネZ', '', 'Z-Crystal', 100.00, 50.00, 47, 46, 100),
(773, 3, 'Steelixite', 'ハガネールナイト', '', 'Mega Stone', 100.00, 50.00, 2, 80, 100),
(774, 4, 'Sticky Barb', 'くっつきバリ', '', 'Held', 100.00, 2000.00, 67, 86, 100),
(775, 1, 'Stone Plate', 'がんせきプレート', '', 'Held', 100.00, 500.00, 2, 53, 100),
(776, 4, 'Storage Key', 'そうこのカギ', '', 'Key', 100.00, 50.00, 82, 29, 100),
(777, 3, 'Strange Souvenir', 'ふしぎなおきもの', '', 'Treasure', 3000.00, 1500.00, 31, 11, 100),
(778, 5, 'Strawberry Sweet', 'いちごアメざいく', '', 'Held', 100.00, 250.00, 66, 54, 100),
(779, 3, 'Stretchy Spring', 'のびたバネ', '', 'Treasure', 100.00, 10.00, 38, 20, 100),
(780, 4, 'Style Card', 'おしゃれカード', '', 'Key', 100.00, 50.00, 55, 29, 100),
(781, 4, 'Suite Key', 'ルームキー', '', 'Key', 100.00, 50.00, 48, 64, 100),
(782, 4, 'Sun Flute', 'たいようのふえ', '', 'Key', 100.00, 50.00, 86, 99, 100),
(783, 2, 'Sun Stone', 'たいようのいし', '', 'Evolutionary', 100.00, 1500.00, 43, 23, 100),
(784, 4, 'Super Lure', 'シルバーコロン', '', 'Other', 700.00, 350.00, 84, 25, 100),
(785, 5, 'Super Potion', 'いいキズぐすり', '', 'Medicine', 700.00, 350.00, 65, 13, 100),
(786, 6, 'Super Repel', 'シルバースプレー', '', 'Other', 700.00, 350.00, 43, 98, 100),
(787, 5, 'Super Rod', 'すごいつりざお', '', 'Key', 100.00, 50.00, 35, 14, 100),
(788, 6, 'Surf Mail', 'なみのりメール', '', 'Mail', 50.00, 25.00, 11, 12, 100),
(789, 6, 'Surge Badge', 'だいだいバッジ', '', 'Key', 100.00, 50.00, 71, 60, 100),
(790, 3, 'Surprise Mulch', 'びっくりこやし', '', 'Other', 100.00, 100.00, 87, 82, 100),
(791, 5, 'Swampertite', 'ラグラージナイト', '', 'Mega Stone', 100.00, 50.00, 7, 17, 100),
(792, 1, 'Sweet Apple', 'あまーいりんご', '', 'Evolutionary', 100.00, 1100.00, 51, 46, 100),
(793, 6, 'Sweet Heart', 'ハートスイーツ', '', 'Medicine', 100.00, 1500.00, 94, 59, 100),
(794, 3, 'Swift Feather', 'しゅんぱつのハネ', '', 'Other', 100.00, 150.00, 50, 98, 100),
(795, 6, 'Tamato Berry', 'マトマのみ', '', 'Berry', 100.00, 10.00, 6, 1, 100),
(796, 6, 'Tanga Berry', 'タンガのみ', '', 'Berry', 100.00, 10.00, 86, 13, 100),
(797, 3, 'Tapunium Z', 'カプZ', '', 'Z-Crystal', 100.00, 50.00, 62, 19, 100),
(798, 3, 'Tart Apple', 'すっぱいりんご', '', 'Evolutionary', 100.00, 1100.00, 91, 36, 100),
(799, 2, 'Tea', 'おちゃ', '', 'Key', 100.00, 50.00, 28, 91, 100),
(800, 4, 'Teachy TV', 'おしえテレビ', '', 'Key', 100.00, 50.00, 14, 25, 100),
(801, 1, 'Terrain Extender', 'グランドコート', '', 'Held', 100.00, 2000.00, 67, 19, 100),
(802, 5, 'Thanks Mail', 'かんしゃメール', '', 'Mail', 50.00, 25.00, 40, 17, 100),
(803, 4, 'Thick Club', 'ふといホネ', '', 'Held', 100.00, 500.00, 12, 18, 100),
(804, 2, 'Throat Spray', 'のどスプレー', '', 'Held', 100.00, 2000.00, 43, 46, 100),
(805, 6, 'Thunder Stone', 'かみなりのいし', '', 'Evolutionary', 100.00, 1500.00, 54, 42, 100),
(806, 4, 'Tidal Bell', 'うみなりのスズ', '', 'Key', 100.00, 50.00, 82, 59, 100),
(807, 2, 'Timer Ball', 'タイマーボール', '', 'Poké Ball', 1000.00, 500.00, 85, 35, 100),
(808, 5, 'Timid Mint', 'おくびょうミント', '', 'Other', 100.00, 10.00, 0, 71, 100),
(809, 5, 'Tin of Beans', 'マメかん', '', 'Ingredient', 400.00, 200.00, 62, 94, 100),
(810, 4, 'Tiny Mushroom', 'ちいさなキノコ', '', 'Treasure', 100.00, 250.00, 48, 67, 100),
(811, 3, 'TM Case', 'わざマシンケース', '', 'Key', 100.00, 50.00, 70, 42, 100),
(812, 4, 'TMV Pass', 'TMVパス', '', 'Key', 100.00, 50.00, 10, 26, 100),
(813, 5, 'Town Map', 'タウンマップ', '', 'Key', 100.00, 50.00, 35, 60, 100),
(814, 5, 'Toxic Orb', 'どくどくだま', '', 'Held', 100.00, 2000.00, 98, 5, 100),
(815, 3, 'Toxic Plate', 'もうどくプレート', '', 'Held', 100.00, 500.00, 89, 96, 100),
(816, 6, 'Travel Trunk[2]', 'いしょうトランク', '', 'Key', 100.00, 50.00, 66, 12, 100),
(817, 3, 'Tri-Pass', 'トライパス', '', 'Key', 100.00, 50.00, 29, 12, 100),
(818, 4, 'Tropic Mail', 'トロピカルメール', '', 'Mail', 50.00, 25.00, 53, 5, 100),
(819, 1, 'Tropical Shell', 'なんごくかいがら', '', 'Treasure', 100.00, 1000.00, 41, 22, 100),
(820, 2, 'Tunnel Mail', 'トンネルメール', '', 'Mail', 50.00, 25.00, 70, 0, 100),
(821, 6, 'Twisted Spoon', 'まがったスプーン', '', 'Held', 100.00, 500.00, 44, 57, 100),
(822, 6, 'Tyranitarite', 'バンギラスナイト', '', 'Mega Stone', 100.00, 50.00, 81, 49, 100),
(823, 5, 'Ultra Ball', 'ハイパーボール', '', 'Poké Ball', 800.00, 400.00, 63, 42, 100),
(824, 2, 'Ultranecrozium Z', 'ウルトラネクロZ', '', 'Z-Crystal', 100.00, 50.00, 22, 34, 100),
(825, 6, 'Unown Report', 'アンノーンノート', '', 'Key', 100.00, 50.00, 67, 5, 100),
(826, 6, 'Upgrade', 'アップグレード', '', 'Held', 100.00, 1000.00, 6, 67, 100),
(827, 3, 'Utility Umbrella', 'ばんのうがさ', '', 'Held', 100.00, 2000.00, 53, 80, 100),
(828, 5, 'Venusaurite', 'フシギバナイト', '', 'Mega Stone', 100.00, 50.00, 21, 23, 100),
(829, 4, 'Vs. Recorder', 'バトルレコーダー', '', 'Key', 100.00, 50.00, 95, 13, 100),
(830, 2, 'Vs. Seeker', 'バトルサーチャー', '', 'Key', 100.00, 50.00, 60, 42, 100),
(831, 6, 'Wacan Berry', 'ソクノのみ', '', 'Berry', 100.00, 10.00, 1, 0, 100),
(832, 3, 'Wailmer Pail', 'ホエルコじょうろ', '', 'Key', 100.00, 50.00, 84, 24, 100),
(833, 5, 'Water Gem', 'みずのジュエル', '', 'Held', 100.00, 100.00, 24, 48, 100),
(834, 4, 'Water Memory', 'ウオーターメモリ', '', 'Held', 100.00, 500.00, 98, 39, 100),
(835, 5, 'Water Stone', 'みずのいし', '', 'Evolutionary', 100.00, 1500.00, 21, 47, 100),
(836, 4, 'Waterium Z', 'ミズZ', '', 'Z-Crystal', 100.00, 50.00, 13, 4, 100),
(837, 4, 'Watmel Berry', 'カイスのみ', '', 'Berry', 100.00, 10.00, 13, 98, 100),
(838, 1, 'Wave Incense', 'さざなみのおこう', '', 'Held', 2000.00, 1000.00, 98, 80, 100),
(839, 6, 'Wave Mail', 'クロスメール', '', 'Mail', 50.00, 25.00, 43, 75, 100),
(840, 3, 'Weakness Policy', 'じゃくてんほけん', '', 'Held', 100.00, 500.00, 6, 54, 100),
(841, 6, 'Wepear Berry', 'セシナのみ', '', 'Berry', 100.00, 10.00, 60, 28, 100),
(842, 6, 'Whipped Dream', 'ホイップポップ', '', 'Held', 100.00, 1000.00, 26, 90, 100),
(843, 3, 'White Apricorn', 'しろぼんぐり', '', 'Other', 100.00, 50.00, 80, 1, 100),
(844, 4, 'White Flute', 'しろいビードロ', '', 'Other', 100.00, 10.00, 45, 33, 100),
(845, 3, 'White Herb', 'しろいハーブ', '', 'Held', 100.00, 2000.00, 67, 37, 100),
(846, 2, 'White Mane Hair', 'しろいたてがみ', '', 'Key', 100.00, 50.00, 91, 34, 100),
(847, 5, 'Wide Lens', 'こうかくレンズ', '', 'Held', 100.00, 2000.00, 34, 38, 100),
(848, 3, 'Wiki Berry', 'ウイのみ', '', 'Berry', 100.00, 10.00, 59, 85, 100),
(849, 6, 'Wise Glasses', 'ものしりメガネ', '', 'Held', 100.00, 2000.00, 1, 8, 100),
(850, 4, 'Wishing Chip[2]', 'ねがいのかけら', '', 'Unknown', 100.00, 50.00, 61, 8, 100),
(851, 5, 'Wishing Piece', 'ねがいのかたまり', '', 'Other', 100.00, 10.00, 42, 76, 100),
(852, 1, 'Wishing Star', 'ねがいぼし', '', 'Key', 100.00, 50.00, 37, 100, 100),
(853, 3, 'Wood Mail', 'ウッディメール', '', 'Mail', 50.00, 25.00, 47, 64, 100),
(854, 3, 'Wooden Crown', 'きぼりのかんむ', '', 'Key', 100.00, 50.00, 41, 89, 100),
(855, 5, 'Works Key', 'はつでんしょキー', '', 'Key', 100.00, 50.00, 53, 88, 100),
(856, 5, 'X Accuracy', 'ヨクアタール', '', 'Battle', 1000.00, 500.00, 22, 60, 100),
(857, 4, 'X Attack', 'プラスパワー', '', 'Battle', 1000.00, 500.00, 44, 99, 100),
(858, 3, 'X Defense', 'ディフェンダー', '', 'Battle', 2000.00, 1000.00, 37, 64, 100),
(859, 5, 'X Sp. Atk', 'スペシャルアップ', '', 'Battle', 1000.00, 500.00, 31, 17, 100),
(860, 1, 'X Sp. Def', 'スペシャルガード', '', 'Battle', 2000.00, 1000.00, 11, 3, 100),
(861, 3, 'X Speed', 'スピーダー', '', 'Battle', 1000.00, 500.00, 22, 9, 100),
(862, 5, 'Xtransceiver', 'ライブキャスター', '', 'Key', 100.00, 50.00, 96, 68, 100),
(863, 5, 'Yache Berry', 'ヤチェのみ', '', 'Berry', 100.00, 10.00, 36, 17, 100),
(864, 3, 'Yellow Apricorn', 'きぼんぐり', '', 'Other', 100.00, 50.00, 51, 37, 100),
(865, 5, 'Yellow Flute', 'きいろビードロ', '', 'Other', 100.00, 10.00, 26, 14, 100),
(866, 5, 'Yellow Nectar', 'やまぶきのミツ', '', 'Other', 100.00, 150.00, 86, 66, 100),
(867, 2, 'Yellow Petal', 'きいろのはなびら', '', 'Key', 100.00, 50.00, 56, 70, 100),
(868, 5, 'Yellow Scarf', 'きいろのバンダナ', '', 'Held', 100.00, 50.00, 100, 53, 100),
(869, 1, 'Yellow Shard', 'きいろいかけら', '', 'Other', 100.00, 500.00, 25, 95, 100),
(870, 4, 'Z-Power Ring', 'Zパワーリング', '', 'Key', 100.00, 50.00, 78, 49, 100),
(871, 3, 'Z-Ring', 'Zリング', '', 'Key', 100.00, 50.00, 4, 51, 100),
(872, 5, 'Zap Plate', 'いかずちプレート', '', 'Held', 100.00, 500.00, 31, 10, 100),
(873, 6, 'Zinc', 'キトサン', '', 'Vitamin', 10000.00, 5000.00, 46, 80, 100),
(874, 4, 'Zoom Lens', 'フォーカスレンズ', '', 'Held', 100.00, 2000.00, 17, 88, 100),
(875, 2, 'Zygarde Cube', 'ジガルデキューブ', '', 'Key', 100.00, 50.00, 68, 77, 100),
(894, 6, 'TestItem', 'JapaneseName', 'Desc', 'Type', 500.00, 500.00, 9, 5, 10),
(895, 6, 'TestItem2', 'JapaneseName', 'Desc', 'Type', 500.00, 500.00, 9, 5, 10),
(897, 1, 'test', '', '', '', 0.01, 0.01, 1, 1, 1);

-- --------------------------------------------------------

--
-- Table structure for table `orders`
--
-- Creation: Mar 29, 2022 at 04:06 AM
--

CREATE TABLE `orders` (
  `OID` int(11) NOT NULL,
  `CPID` int(11) NOT NULL,
  `number_of_items` int(11) NOT NULL,
  `total_price` double(10,2) NOT NULL,
  `payment_type` text NOT NULL
) ENGINE=InnoDB DEFAULT CHARSET=utf8mb4;

-- --------------------------------------------------------

--
-- Table structure for table `order_item`
--
-- Creation: Mar 29, 2022 at 04:10 AM
--

CREATE TABLE `order_item` (
  `OIID` int(11) NOT NULL,
  `OID` int(11) NOT NULL,
  `IID` int(11) NOT NULL,
  `quantity` int(11) NOT NULL
) ENGINE=InnoDB DEFAULT CHARSET=utf8mb4;

-- --------------------------------------------------------

--
-- Table structure for table `shopping_cart`
--
-- Creation: Mar 07, 2022 at 03:41 AM
--

CREATE TABLE `shopping_cart` (
  `SCID` int(11) NOT NULL,
  `CPID` int(11) NOT NULL,
  `number_of_items` int(11) NOT NULL,
  `total_price` double(10,2) NOT NULL
) ENGINE=InnoDB DEFAULT CHARSET=utf8mb4;

--
-- Dumping data for table `shopping_cart`
--

INSERT INTO `shopping_cart` (`SCID`, `CPID`, `number_of_items`, `total_price`) VALUES
(1, 3, 0, 0.00),
(2, 4, 0, 0.00),
(3, 5, 0, 0.00),
(4, 6, 0, 0.00),
(5, 7, 0, 0.00),
(6, 8, 0, 0.00),
(7, 9, 0, 0.00),
(8, 10, 0, 0.00);

-- --------------------------------------------------------

--
-- Table structure for table `user_login`
--
-- Creation: Feb 26, 2022 at 02:23 AM
-- Last update: Mar 29, 2022 at 01:24 AM
--

CREATE TABLE `user_login` (
  `ULID` int(11) NOT NULL,
  `username` varchar(32) NOT NULL,
  `password` varchar(256) NOT NULL
) ENGINE=InnoDB DEFAULT CHARSET=utf8mb4;

--
-- Dumping data for table `user_login`
--

INSERT INTO `user_login` (`ULID`, `username`, `password`) VALUES
(57, 'test', '$2y$10$.Ajqv9j7lxZL.zl2qFUiguwlE8R3e7CtZER8NVJWc5AW18nCKEJq.'),
(58, 'testtt', '$2y$10$QFfkwMIxxKDL3y9kk2RFw.VElJM027qDkD0D8VDX4MjDFHVoEH31m'),
(62, 'testttty', '$2y$10$x2elydvKRYbOuDCx5jeKl.ErdnK6Fw5CwKTEct77hyiIPxXCRFeEa'),
(63, 'test_user', '$2y$10$HfatJ2eUuXC/81TNWbuPkeLunRNufr7/Vbw1Ru4zC.ks43EXALSGq'),
(64, 'nameee', '$2y$10$ewpuY4hUshbA.83Fh5LMQuZYbA1dq9LsBBRSJPZYMvo1jfFK4ExzK'),
(65, 'namees', '$2y$10$TOuE6b3euMwXEVPoRdARLuORDigr6n6vz1mmKzVyemL2MjoA/msVS'),
(66, 'nameex', '$2y$10$v668ylxNlaQcUVAGVwbshum5rEi1qM2pP.HZmqY6d/22OkKY5TlcO'),
(67, 'testuser5', '$2y$10$0Dn0UEC619RgJV6jP9krseVQz34zO3oISemacpVpyF8AeluHJnT.i'),
(68, 'testuser6', '$2y$10$zLFAixtBUv.DfTJQqTkGmeO59ke2YWa0NRSxA7qJwIVX3snEZmIH6'),
(69, 'testuser76', '$2y$10$8OMH2k6g1LduLfFRYbhTRO9wegV6CKIf4nfSK0lAKIFU4CZsngFd2'),
(70, 'testuser78', '$2y$10$4rrROCopPryX.e7e4L5vueM1ogdprRQ/yAhTJFkObOBOEb9fH1Nie'),
(71, 'testUser79', '$2y$10$sB1j2pyGbIATFK66kY5ijuYZHfOX30xVaQ67SK5GNxe1ed39usDZ6'),
(72, 'testUser80', '$2y$10$75.gkiGFjhXJPVnQMPGNqO5URmqbWFP3xs.9ngcgM4gJRDDlnnlRm'),
(73, 'testUser90', '$2y$10$6yFTsrnFsP1eIOa1iKJVWu0WUEHZRVHtYCGuE7YkD9XkC8TGMAIWq'),
(74, 'testUser95', '$2y$10$DB6gwbGijC22LsK17UreNei7KDHUBjugoSOsUGmusgJDg7rNpnJty'),
(75, 'testUser96', '$2y$10$my8CPAuCOshOqDJZBkNeA.ptZUXseLGfHG3qlWARYo.t/oHN.4C2S'),
(76, 'testUser100', '$2y$10$jZZKN4u2dJYnT1Hoj.SRT.WskyPwczuLqj4fEjOauNU17TWFxt.V6'),
(77, 'testUser105', '$2y$10$bOOfzmG5CyGelx.6v6OYg.DPjgcbNbhSzEDbt9oo7GxTFlGpvS4o2'),
(78, 'userrr', '$2y$10$0z7h2LplZpEzKL4Ch2EUHOAyt9AkJnmy2zPNrHcaJkIfltsXRRNRW'),
(79, 'userrii', '$2y$10$yuSJ1eNohmy6SY89vcPYquh28ul43ADIqpP71mcM.s.sY8r0bxI8G'),
(80, 'sessionTest', '$2y$10$oHUYwoJjfoUhUQK0BWlEz.GleKy9JBh9pOU5QQZZvQ0oKlkkZkRLi'),
(81, 'sessionTest2', '$2y$10$uQitTnKh2F09/2pORZ43t.GqRlNYddfLSCl///7lFcY.O8nf7aKhK'),
(82, 'sessionTest3', '$2y$10$2fAKsk4Rf6tONx4W4N8.X.VLxMyERgzZgswAp7Qo2dhD1CrcZ31Lm'),
(83, 'sessionTest4', '$2y$10$xvcmYqPjGW8jJcEKaDVTnu0oF0gWpMBcU8qOFIyBftAYo6FjwMrAS'),
(84, 'sessionTest00', '$2y$10$wZK7shNTmGsTEXLhsfU9xez93gJ4lpdmVsueAgKIQ4aBzMra87YBa'),
(85, 'sessionTest001', '$2y$10$luiEOYjMpJjpxt9QMnWz2OMp1EHxZLcMMmx4u044xv5l3ouy74B/a'),
(86, 'sessionTest002', '$2y$10$GvvrugA9gMx8aHaDZIeRq.Yd.a8tdWHGsa5lOIP.m9rsn.X.0WsBS'),
(87, 'sessionTest003', '$2y$10$i1dvNIwR1CzthB4JrtWPR.uCgEf4T9qK1YHWthfO.6AftMFyen7EG'),
(88, 'testUser9', '$2y$10$I18pjNkSUOyFPuy52yCMNedJMXw3YLysQK6wtVNfcak326Y7l1jnq'),
(89, 'testUser99', '$2y$10$zOXhudP3qcHdajYtBjP8xeN4ZA286meaSiTmqVh20hVhWplpcYWMC'),
(90, 'testTestTest', '$2y$10$Jv1/lHJa5WQZYUQD/vfVFOFoPtGO74xoboDqNb4GQzOVuWsi2eI0e'),
(91, 'testTest5', '$2y$10$PKfM1EAVAKhsSOuAVdpsdewuOdo8HiwFWOdoolTzt5GMKk26Q7b46');

-- --------------------------------------------------------

--
-- Table structure for table `user_login_log`
--
-- Creation: Feb 25, 2022 at 12:08 AM
--

CREATE TABLE `user_login_log` (
  `ULLID` int(11) NOT NULL,
  `ULID` int(11) NOT NULL,
  `is_success` tinyint(1) NOT NULL,
  `login_description` text NOT NULL
) ENGINE=InnoDB DEFAULT CHARSET=utf8mb4;

-- --------------------------------------------------------

--
-- Table structure for table `user_profile`
--
-- Creation: Feb 25, 2022 at 05:08 AM
-- Last update: Mar 29, 2022 at 03:03 AM
--

CREATE TABLE `user_profile` (
  `UPID` int(11) NOT NULL,
  `ULID` int(11) NOT NULL,
  `user_role_type` int(1) NOT NULL,
  `first_name` varchar(50) NOT NULL,
  `middle_name` varchar(50) NOT NULL,
  `last_name` varchar(50) NOT NULL,
  `gender` varchar(10) NOT NULL,
  `date_of_birth` date NOT NULL,
  `email` varchar(100) NOT NULL,
  `home_phone_number` varchar(50) NOT NULL,
  `cell_phone_number` varchar(50) NOT NULL,
  `street_1` varchar(100) NOT NULL,
  `street_2` varchar(100) NOT NULL,
  `city` varchar(100) NOT NULL,
  `state` varchar(100) NOT NULL,
  `zip_code` varchar(20) NOT NULL,
  `country` varchar(100) NOT NULL
) ENGINE=InnoDB DEFAULT CHARSET=utf8mb4;

--
-- Dumping data for table `user_profile`
--

INSERT INTO `user_profile` (`UPID`, `ULID`, `user_role_type`, `first_name`, `middle_name`, `last_name`, `gender`, `date_of_birth`, `email`, `home_phone_number`, `cell_phone_number`, `street_1`, `street_2`, `city`, `state`, `zip_code`, `country`) VALUES
(20, 57, 0, 'test', 'test', 'test', 'none', '2022-02-01', 'e@t', '000-000-0000', '000-000-0000', '5 street', '5', 'city', 'Maine', '8888888888', 'United States of America'),
(21, 58, 0, 'h', 'h', 'h', 'none', '2022-02-01', 'h@h', '000-000-0000', '000-000-0000', '2 street', 'street', 'city', 'Iowa', '00000', 'United States of America'),
(23, 62, 0, 'first', 'middle', 'last', 'female', '2022-02-04', 'j@j', '000-000-5555', '000-000-5556', 'street', 'street', 'city', 'New York', '8888888888', 'United States of America'),
(24, 63, 0, 'Name', 'name', 'Name', 'male', '2022-03-01', 'emial@site.com', '123-456-7890', '123-456-7890', 'Street 1 ', 'Street 2', 'City', 'Ohio', '99999', 'United States of America'),
(25, 64, 0, 'name', 'name', 'name', 'male', '2022-03-02', 'email@email', '123-456-7890', '123-456-7890', 'street', 'street', 'city', '', '00000', 'United Kingdom'),
(26, 65, 0, 'name', 'name', 'name', 'male', '2022-03-02', 'email@email', '123-456-7890', '123-456-7890', 'street', 'street', 'city', '', '00000', 'United Kingdom'),
(27, 66, 0, 'name', 'name', 'name', 'male', '2022-03-02', 'email@email', '123-456-7890', '123-456-7890', 'street', 'street', 'city', '', '00000', 'United Kingdom'),
(28, 67, 0, 'name', 'name', 'name', 'other', '2022-03-24', 'hello@site.com', '000-000-0000', '', 'street', '', 'city', 'Kentucky', '00000', 'United States of America'),
(29, 68, 0, 'test', '', 'test', 'none', '2022-03-01', 'email@site', '000-000-0000', '', 'street', '', 'city', 'Alabama', '00000', 'United States of America'),
(30, 69, 0, 'test', '', 'test', 'none', '2022-03-01', 'email@site', '000-000-0000', '', 'street', '', 'city', 'Alabama', '00000', 'United States of America'),
(31, 70, 0, 'test', '', 'test', 'none', '2022-03-01', 'email@site', '000-000-0000', '', 'street', '', 'city', 'Alabama', '00000', 'United States of America'),
(32, 71, 0, 'name', '', 'name', 'none', '2022-03-01', 'mail@s', '000-000-0000', '', 'street', '', 'city', 'Kentucky', '00000', 'United States of America'),
(33, 72, 0, 'name', '', 'name', 'none', '2022-03-01', 'mail@s', '000-000-0000', '', 'street', '', 'city', 'Kentucky', '00000', 'United States of America'),
(34, 73, 0, 'name', '', 'name', 'none', '2022-03-01', 'mail@s', '000-000-0000', '', 'street', '', 'city', 'Kentucky', '00000', 'United States of America'),
(35, 74, 0, 'name', '', 'name', 'none', '2022-03-10', 'mail@mail', '000-000-0000', '', 'name', '', 'name', '', '00000', 'United Arab Erimates'),
(36, 75, 0, 'name', '', 'name', 'none', '2022-03-10', 'mail@mail', '000-000-0000', '', 'name', '', 'name', '', '00000', 'United Arab Erimates'),
(37, 76, 0, 'user', '', 'user', 'none', '2022-03-02', 'user@user', '000-000-0000', '', 'street', '', 'city', 'Louisiana', '00000', 'United States of America'),
(38, 77, 0, 'name', '', 'name', 'none', '2022-03-29', 'mail@mail', '098-765-4321', '', 'city', '', 'street', 'New York', '55555', 'United States of America'),
(39, 78, 0, 'name', 'name', 'name', 'other', '2022-03-23', 'site@site', '000-000-0000', '000-000-0000', 'street1', 'street2', 'city', 'Indiana', '00000', 'United States of America'),
(40, 79, 0, 'name', 'name', 'name', 'other', '2022-03-23', 'site@site', '000-000-0000', '000-000-0000', 'street1', 'street2', 'city', 'Indiana', '00000', 'United States of America'),
(41, 80, 0, 'Session', '', 'Tester', 'male', '2004-03-07', 'sessiontest@email.com', '000-000-0000', '', '5 Street', '', 'City', 'Maine', '99999', 'United States of America'),
(43, 82, 0, 'Tester', '', 'Test', 'female', '2002-05-01', 'test@testmail.com', '000-000-0000', '000-000-0000', 'street', 'street', 'city', 'Maine', '00005', 'United States of America'),
(44, 83, 0, 'ooooo', '', 'ooooo', 'male', '1992-02-03', 'name@name', '000-000-0000', '', 'street', '', 'city', 'Arizona', '00000', 'United States of America'),
(45, 84, 0, 'test', '', 'test', 'male', '1993-02-07', 'mail@mail', '000-000-0000', '', 'street', '', 'city', 'Kentucky', '00000', 'United States of America'),
(46, 85, 0, 'name', '', 'name', 'female', '1996-05-26', 'mail@mail', '000-000-0000', '000-000-0000', 'street', '', 'city', '', '00000', 'Venezuela'),
(47, 86, 0, 'name', '', 'name', 'male', '1988-02-29', 'mail@mail', '000-000-0000', '', 'street', '', 'city', '', '00000', 'Togo'),
(48, 87, 0, 'Name', '', 'Name', 'other', '1986-02-11', 'mail@mail', '000-000-0000', '', 'street', '', 'city', 'California', '00000', 'United States of America'),
(49, 88, 0, 'name', '', 'name', 'Male', '1992-05-10', 'email@site.com', '000-000-0000', '', 'Street 1', '', 'City', 'Iowa', '00000', 'United States of America'),
(50, 89, 0, 'Name', '', 'Name', 'Male', '1992-05-10', 'email@site.com', '000-000-0000', '', 'Street 1', '', 'City', 'Texas', '00000', 'United States of America'),
(51, 90, 1, 'Test', '', 'Test', 'Male', '2000-05-10', 'email@mail', '555-555-5555', '', '2 Street', '', 'City', 'Ohio', '00000', 'United States of America'),
(52, 91, 0, 'TEST', '', 'test', 'None', '1994-06-14', 'mail@mail', '000-000-0000', '', 'street', '', 'city', 'Arizona', '00000', 'United States of America');

-- --------------------------------------------------------

--
-- Table structure for table `vendors`
--
-- Creation: Feb 25, 2022 at 12:08 AM
--

CREATE TABLE `vendors` (
  `VID` int(11) NOT NULL,
  `vendor_name` varchar(20) NOT NULL,
  `vendor_code` varchar(20) NOT NULL,
  `vendor_city` varchar(20) NOT NULL,
  `vendor_region` varchar(20) NOT NULL,
  `vendor_country` varchar(20) NOT NULL,
  `vendor_zip_code` varchar(20) NOT NULL,
  `vendor_contact_name` varchar(20) NOT NULL,
  `vendor_contact_title` varchar(20) NOT NULL,
  `vendor_contact_route` int(11) NOT NULL,
  `vendor_contact_number` varchar(50) NOT NULL
) ENGINE=InnoDB DEFAULT CHARSET=utf8mb4;

--
-- Dumping data for table `vendors`
--

INSERT INTO `vendors` (`VID`, `vendor_name`, `vendor_code`, `vendor_city`, `vendor_region`, `vendor_country`, `vendor_zip_code`, `vendor_contact_name`, `vendor_contact_title`, `vendor_contact_route`, `vendor_contact_number`) VALUES
(1, 'Silph Corporations', 'S', 'Saffron City', 'Kanto', 'Japan', '510-0007', 'Alfred Silph', 'President', 7, '122-562'),
(2, 'Devon Corporation', 'D', 'Rustboro City', 'Hoenn', 'Japan', '810-0006', 'Joseph Stone', 'President', 116, '544-789'),
(3, 'Violeta Corporation ', 'V', 'Violet City', 'Johto', 'Japan', '610-0017', 'Violet Evergarden ', 'Vice President', 32, '437-890'),
(4, 'Misty Corporation', 'M', 'Jubilife City', 'Sinnoh', 'Japan', '210-0014', 'Eric Leif', 'Vice President', 202, '245-910'),
(5, 'Rocko Corporation ', 'R', 'Virbank City', 'Unova', 'United States', '410-0107', 'Senku Ishigami', 'President', 20, '765-842'),
(6, 'Alola Corporation', 'A', 'Hau\'oli City', 'Alola', 'United States', '310-1212', 'Llima Moon', 'Vice President', 2, '912-780'),
(7, 'Test Vendor', 'P', 'Town City', 'Region', 'Japan', '999-9999', 'Name Name', 'Vice President', 1, '990-999'),
(9, 'name', 'J', 'city', 'region', 'country', '000-0000', 'name', 'title', 5, '000-000'),
(10, 'name1', 'J', 'city', 'region', 'country', '000-0000', 'name', '', 5, '000-000'),
(11, 'Dark Corp', 'D', 'Rain', 'TRY', 'JAPAN', '133-235', 'mark', 'president', 24, '123-674');

-- --------------------------------------------------------

--
-- Table structure for table `wishlist`
--
-- Creation: Feb 25, 2022 at 12:08 AM
--

CREATE TABLE `wishlist` (
  `WID` int(11) NOT NULL,
  `CPID` int(11) NOT NULL,
  `last_updated` timestamp NOT NULL DEFAULT current_timestamp() ON UPDATE current_timestamp(),
  `number_of_items` int(11) NOT NULL,
  `total_price` double(10,2) NOT NULL
) ENGINE=InnoDB DEFAULT CHARSET=utf8mb4;

--
-- Dumping data for table `wishlist`
--

INSERT INTO `wishlist` (`WID`, `CPID`, `last_updated`, `number_of_items`, `total_price`) VALUES
(1, 7, '2022-03-10 00:05:02', 0, 0.00),
(2, 8, '2022-03-10 00:10:32', 0, 0.00),
(3, 9, '2022-03-24 22:27:40', 0, 0.00),
(4, 10, '2022-03-28 20:29:54', 0, 0.00);

-- --------------------------------------------------------

--
-- Table structure for table `wishlist_item`
--
-- Creation: Mar 29, 2022 at 03:59 AM
-- Last update: Mar 29, 2022 at 03:59 AM
--

CREATE TABLE `wishlist_item` (
  `WIID` int(11) NOT NULL,
  `WID` int(11) NOT NULL,
  `IID` int(11) NOT NULL,
  `rank` int(11) NOT NULL,
  `date_added` timestamp NOT NULL DEFAULT current_timestamp() ON UPDATE current_timestamp()
) ENGINE=InnoDB DEFAULT CHARSET=utf8mb4;

-- --------------------------------------------------------

--
-- Table structure for table `z_report`
--
-- Creation: Mar 09, 2022 at 05:17 PM
--

CREATE TABLE `z_report` (
  `ZRID` int(11) NOT NULL,
  `EPID` int(11) NOT NULL,
  `date` date NOT NULL,
  `start_time` datetime NOT NULL,
  `end_time` datetime NOT NULL,
  `total_cash_started` double(10,2) NOT NULL,
  `total_cash_ended` double(10,2) NOT NULL,
  `cash_difference` double(10,2) NOT NULL,
  `items_sold` int(11) NOT NULL,
  `number_of_transactions` int(11) NOT NULL,
  `cash_sales` double(10,2) NOT NULL,
  `credit_sales` double(10,2) NOT NULL,
  `total_sales` double(10,2) NOT NULL,
  `cash_refunds` double(10,2) NOT NULL,
  `credit_refunds` double(10,2) NOT NULL,
  `total_refunds` double(10,2) NOT NULL
) ENGINE=InnoDB DEFAULT CHARSET=utf8mb4;

--
-- Indexes for dumped tables
--

--
-- Indexes for table `card_info`
--
ALTER TABLE `card_info`
  ADD PRIMARY KEY (`CIID`),
  ADD KEY `CPID` (`CPID`);

--
-- Indexes for table `cart_item`
--
ALTER TABLE `cart_item`
  ADD PRIMARY KEY (`CIID`),
  ADD KEY `SCID` (`SCID`),
  ADD KEY `IID` (`IID`);

--
-- Indexes for table `customer_profile`
--
ALTER TABLE `customer_profile`
  ADD PRIMARY KEY (`CPID`),
  ADD KEY `UPID` (`UPID`) USING BTREE;

--
-- Indexes for table `employee_profile`
--
ALTER TABLE `employee_profile`
  ADD PRIMARY KEY (`EPID`),
  ADD KEY `UPID` (`UPID`) USING BTREE;

--
-- Indexes for table `employee_time_log`
--
ALTER TABLE `employee_time_log`
  ADD PRIMARY KEY (`ETLID`),
  ADD KEY `EPID` (`EPID`);

--
-- Indexes for table `error`
--
ALTER TABLE `error`
  ADD PRIMARY KEY (`EID`);

--
-- Indexes for table `inventory`
--
ALTER TABLE `inventory`
  ADD PRIMARY KEY (`IID`),
  ADD KEY `VID` (`VID`) USING BTREE;

--
-- Indexes for table `orders`
--
ALTER TABLE `orders`
  ADD PRIMARY KEY (`OID`),
  ADD KEY `CPID` (`CPID`);

--
-- Indexes for table `order_item`
--
ALTER TABLE `order_item`
  ADD PRIMARY KEY (`OIID`),
  ADD KEY `OID` (`OID`),
  ADD KEY `IID` (`IID`);

--
-- Indexes for table `shopping_cart`
--
ALTER TABLE `shopping_cart`
  ADD PRIMARY KEY (`SCID`),
  ADD KEY `CPID` (`CPID`) USING BTREE;

--
-- Indexes for table `user_login`
--
ALTER TABLE `user_login`
  ADD PRIMARY KEY (`ULID`);

--
-- Indexes for table `user_login_log`
--
ALTER TABLE `user_login_log`
  ADD PRIMARY KEY (`ULLID`),
  ADD KEY `ULID` (`ULID`);

--
-- Indexes for table `user_profile`
--
ALTER TABLE `user_profile`
  ADD PRIMARY KEY (`UPID`),
  ADD KEY `ULID` (`ULID`);

--
-- Indexes for table `vendors`
--
ALTER TABLE `vendors`
  ADD PRIMARY KEY (`VID`);

--
-- Indexes for table `wishlist`
--
ALTER TABLE `wishlist`
  ADD PRIMARY KEY (`WID`),
  ADD KEY `CPID` (`CPID`) USING BTREE;

--
-- Indexes for table `wishlist_item`
--
ALTER TABLE `wishlist_item`
  ADD PRIMARY KEY (`WIID`),
  ADD KEY `WID` (`WID`),
  ADD KEY `IID` (`IID`);

--
-- Indexes for table `z_report`
--
ALTER TABLE `z_report`
  ADD PRIMARY KEY (`ZRID`),
  ADD KEY `EPID` (`EPID`) USING BTREE;

--
-- AUTO_INCREMENT for dumped tables
--

--
-- AUTO_INCREMENT for table `card_info`
--
ALTER TABLE `card_info`
  MODIFY `CIID` int(11) NOT NULL AUTO_INCREMENT, AUTO_INCREMENT=6;

--
-- AUTO_INCREMENT for table `cart_item`
--
ALTER TABLE `cart_item`
  MODIFY `CIID` int(11) NOT NULL AUTO_INCREMENT, AUTO_INCREMENT=6;

--
-- AUTO_INCREMENT for table `customer_profile`
--
ALTER TABLE `customer_profile`
  MODIFY `CPID` int(11) NOT NULL AUTO_INCREMENT, AUTO_INCREMENT=11;

--
-- AUTO_INCREMENT for table `employee_profile`
--
ALTER TABLE `employee_profile`
  MODIFY `EPID` int(11) NOT NULL AUTO_INCREMENT, AUTO_INCREMENT=2;

--
-- AUTO_INCREMENT for table `employee_time_log`
--
ALTER TABLE `employee_time_log`
  MODIFY `ETLID` int(11) NOT NULL AUTO_INCREMENT;

--
-- AUTO_INCREMENT for table `error`
--
ALTER TABLE `error`
  MODIFY `EID` int(11) NOT NULL AUTO_INCREMENT;

--
-- AUTO_INCREMENT for table `inventory`
--
ALTER TABLE `inventory`
  MODIFY `IID` int(11) NOT NULL AUTO_INCREMENT, AUTO_INCREMENT=898;

--
-- AUTO_INCREMENT for table `orders`
--
ALTER TABLE `orders`
  MODIFY `OID` int(11) NOT NULL AUTO_INCREMENT;

--
-- AUTO_INCREMENT for table `order_item`
--
ALTER TABLE `order_item`
  MODIFY `OIID` int(11) NOT NULL AUTO_INCREMENT;

--
-- AUTO_INCREMENT for table `shopping_cart`
--
ALTER TABLE `shopping_cart`
  MODIFY `SCID` int(11) NOT NULL AUTO_INCREMENT, AUTO_INCREMENT=9;

--
-- AUTO_INCREMENT for table `user_login`
--
ALTER TABLE `user_login`
  MODIFY `ULID` int(11) NOT NULL AUTO_INCREMENT, AUTO_INCREMENT=92;

--
-- AUTO_INCREMENT for table `user_login_log`
--
ALTER TABLE `user_login_log`
  MODIFY `ULLID` int(11) NOT NULL AUTO_INCREMENT;

--
-- AUTO_INCREMENT for table `user_profile`
--
ALTER TABLE `user_profile`
  MODIFY `UPID` int(11) NOT NULL AUTO_INCREMENT, AUTO_INCREMENT=53;

--
-- AUTO_INCREMENT for table `vendors`
--
ALTER TABLE `vendors`
  MODIFY `VID` int(11) NOT NULL AUTO_INCREMENT, AUTO_INCREMENT=12;

--
-- AUTO_INCREMENT for table `wishlist`
--
ALTER TABLE `wishlist`
  MODIFY `WID` int(11) NOT NULL AUTO_INCREMENT, AUTO_INCREMENT=5;

--
-- AUTO_INCREMENT for table `wishlist_item`
--
ALTER TABLE `wishlist_item`
  MODIFY `WIID` int(11) NOT NULL AUTO_INCREMENT;

--
-- AUTO_INCREMENT for table `z_report`
--
ALTER TABLE `z_report`
  MODIFY `ZRID` int(11) NOT NULL AUTO_INCREMENT;

--
-- Constraints for dumped tables
--

--
-- Constraints for table `card_info`
--
ALTER TABLE `card_info`
  ADD CONSTRAINT `card_info_ibfk_1` FOREIGN KEY (`CPID`) REFERENCES `customer_profile` (`CPID`) ON DELETE NO ACTION ON UPDATE CASCADE;

--
-- Constraints for table `cart_item`
--
ALTER TABLE `cart_item`
  ADD CONSTRAINT `cart_item_ibfk_1` FOREIGN KEY (`SCID`) REFERENCES `shopping_cart` (`SCID`) ON DELETE NO ACTION ON UPDATE CASCADE,
  ADD CONSTRAINT `cart_item_ibfk_2` FOREIGN KEY (`IID`) REFERENCES `inventory` (`IID`) ON DELETE NO ACTION ON UPDATE CASCADE;

--
-- Constraints for table `customer_profile`
--
ALTER TABLE `customer_profile`
  ADD CONSTRAINT `customer_profile_ibfk_1` FOREIGN KEY (`UPID`) REFERENCES `user_profile` (`UPID`) ON DELETE NO ACTION ON UPDATE CASCADE;

--
-- Constraints for table `employee_profile`
--
ALTER TABLE `employee_profile`
  ADD CONSTRAINT `employee_profile_ibfk_1` FOREIGN KEY (`UPID`) REFERENCES `user_profile` (`UPID`) ON DELETE NO ACTION ON UPDATE CASCADE;

--
-- Constraints for table `employee_time_log`
--
ALTER TABLE `employee_time_log`
  ADD CONSTRAINT `employee_time_log_ibfk_1` FOREIGN KEY (`EPID`) REFERENCES `employee_profile` (`EPID`) ON DELETE NO ACTION ON UPDATE CASCADE;

--
-- Constraints for table `inventory`
--
ALTER TABLE `inventory`
  ADD CONSTRAINT `inventory_ibfk_1` FOREIGN KEY (`VID`) REFERENCES `vendors` (`VID`) ON DELETE NO ACTION ON UPDATE CASCADE;

--
-- Constraints for table `orders`
--
ALTER TABLE `orders`
  ADD CONSTRAINT `orders_ibfk_1` FOREIGN KEY (`CPID`) REFERENCES `customer_profile` (`CPID`) ON DELETE NO ACTION ON UPDATE CASCADE;

--
-- Constraints for table `order_item`
--
ALTER TABLE `order_item`
  ADD CONSTRAINT `order_item_ibfk_1` FOREIGN KEY (`OID`) REFERENCES `orders` (`OID`) ON DELETE NO ACTION ON UPDATE CASCADE,
  ADD CONSTRAINT `order_item_ibfk_2` FOREIGN KEY (`IID`) REFERENCES `inventory` (`IID`) ON DELETE NO ACTION ON UPDATE CASCADE;

--
-- Constraints for table `shopping_cart`
--
ALTER TABLE `shopping_cart`
  ADD CONSTRAINT `shopping_cart_ibfk_1` FOREIGN KEY (`CPID`) REFERENCES `customer_profile` (`CPID`) ON DELETE NO ACTION ON UPDATE CASCADE;

--
-- Constraints for table `user_login_log`
--
ALTER TABLE `user_login_log`
  ADD CONSTRAINT `user_login_log_ibfk_1` FOREIGN KEY (`ULID`) REFERENCES `user_login` (`ULID`) ON DELETE NO ACTION ON UPDATE CASCADE;

--
-- Constraints for table `user_profile`
--
ALTER TABLE `user_profile`
  ADD CONSTRAINT `user_profile_ibfk_1` FOREIGN KEY (`ULID`) REFERENCES `user_login` (`ULID`) ON DELETE NO ACTION ON UPDATE CASCADE;

--
-- Constraints for table `wishlist`
--
ALTER TABLE `wishlist`
  ADD CONSTRAINT `wishlist_ibfk_1` FOREIGN KEY (`CPID`) REFERENCES `customer_profile` (`CPID`) ON DELETE NO ACTION ON UPDATE CASCADE;

--
-- Constraints for table `wishlist_item`
--
ALTER TABLE `wishlist_item`
  ADD CONSTRAINT `wishlist_item_ibfk_1` FOREIGN KEY (`WID`) REFERENCES `wishlist` (`WID`) ON DELETE NO ACTION ON UPDATE CASCADE,
  ADD CONSTRAINT `wishlist_item_ibfk_2` FOREIGN KEY (`IID`) REFERENCES `inventory` (`IID`) ON DELETE NO ACTION ON UPDATE CASCADE;

--
-- Constraints for table `z_report`
--
ALTER TABLE `z_report`
  ADD CONSTRAINT `z_report_ibfk_1` FOREIGN KEY (`EPID`) REFERENCES `employee_profile` (`EPID`) ON DELETE NO ACTION ON UPDATE CASCADE;
COMMIT;

/*!40101 SET CHARACTER_SET_CLIENT=@OLD_CHARACTER_SET_CLIENT */;
/*!40101 SET CHARACTER_SET_RESULTS=@OLD_CHARACTER_SET_RESULTS */;
/*!40101 SET COLLATION_CONNECTION=@OLD_COLLATION_CONNECTION */;
